CREATE DATABASE  IF NOT EXISTS `self_service` /*!40100 DEFAULT CHARACTER SET utf8mb4 COLLATE utf8mb4_0900_ai_ci */ /*!80016 DEFAULT ENCRYPTION='N' */;
USE `self_service`;
-- MySQL dump 10.13  Distrib 8.0.40, for macos14 (arm64)
--
-- Host: 192.168.1.133    Database: self_service
-- ------------------------------------------------------
-- Server version	8.0.39

/*!40101 SET @OLD_CHARACTER_SET_CLIENT=@@CHARACTER_SET_CLIENT */;
/*!40101 SET @OLD_CHARACTER_SET_RESULTS=@@CHARACTER_SET_RESULTS */;
/*!40101 SET @OLD_COLLATION_CONNECTION=@@COLLATION_CONNECTION */;
/*!50503 SET NAMES utf8 */;
/*!40103 SET @OLD_TIME_ZONE=@@TIME_ZONE */;
/*!40103 SET TIME_ZONE='+00:00' */;
/*!40014 SET @OLD_UNIQUE_CHECKS=@@UNIQUE_CHECKS, UNIQUE_CHECKS=0 */;
/*!40014 SET @OLD_FOREIGN_KEY_CHECKS=@@FOREIGN_KEY_CHECKS, FOREIGN_KEY_CHECKS=0 */;
/*!40101 SET @OLD_SQL_MODE=@@SQL_MODE, SQL_MODE='NO_AUTO_VALUE_ON_ZERO' */;
/*!40111 SET @OLD_SQL_NOTES=@@SQL_NOTES, SQL_NOTES=0 */;

--
-- Table structure for table `_prisma_migrations`
--

DROP TABLE IF EXISTS `_prisma_migrations`;
/*!40101 SET @saved_cs_client     = @@character_set_client */;
/*!50503 SET character_set_client = utf8mb4 */;
CREATE TABLE `_prisma_migrations` (
  `id` varchar(36) COLLATE utf8mb4_unicode_ci NOT NULL,
  `checksum` varchar(64) COLLATE utf8mb4_unicode_ci NOT NULL,
  `finished_at` datetime(3) DEFAULT NULL,
  `migration_name` varchar(255) COLLATE utf8mb4_unicode_ci NOT NULL,
  `logs` text COLLATE utf8mb4_unicode_ci,
  `rolled_back_at` datetime(3) DEFAULT NULL,
  `started_at` datetime(3) NOT NULL DEFAULT CURRENT_TIMESTAMP(3),
  `applied_steps_count` int unsigned NOT NULL DEFAULT '0',
  PRIMARY KEY (`id`)
) ENGINE=InnoDB DEFAULT CHARSET=utf8mb4 COLLATE=utf8mb4_unicode_ci;
/*!40101 SET character_set_client = @saved_cs_client */;

--
-- Dumping data for table `_prisma_migrations`
--

LOCK TABLES `_prisma_migrations` WRITE;
/*!40000 ALTER TABLE `_prisma_migrations` DISABLE KEYS */;
INSERT INTO `_prisma_migrations` VALUES ('30651ece-723d-4735-8dd0-3acfbcead703','b077d9b88312c14cc9d277db470dcf7f2dd5e207af5c5d24f982d4684b13a9d2','2024-11-08 09:29:41.178','20240922072720_ubah_logvm',NULL,NULL,'2024-11-08 09:29:41.133',1),('43118dab-a9e7-4420-8f06-0d31af8bf16c','2365cacd0b8e094cf606387e6447b54013848f9d0077cd6e64048f0a7370b10a','2024-11-08 09:29:41.062','20240922062900_init',NULL,NULL,'2024-11-08 09:29:40.018',1),('4b8ddf3a-1b71-4b8f-a67d-1d32ad39cec7','3a39ca9725c9085bdf217f6573491def51faa35c457d1ab5e5b651bfb27f86d2','2024-11-08 09:29:41.348','20241108022125_jenis_user',NULL,NULL,'2024-11-08 09:29:41.184',1),('8205bbe3-65bd-412f-820e-a5099555281f','ec1da1cf401997e1c37c08b2fe2be11bbe4ec90ccf63e855b4c8f579a8f1d344','2024-11-08 09:29:41.127','20240922064608_ubah_divisi',NULL,NULL,'2024-11-08 09:29:41.068',1),('ea638a49-39d6-411a-86c1-9276922a0329','8c0eaf3dfbe716927e661f83d99a05c4468dd78e1a94cff6231927d646636727','2024-12-31 14:24:14.446','20241231115539_add_head_divisi',NULL,NULL,'2024-12-31 14:24:14.254',1);
/*!40000 ALTER TABLE `_prisma_migrations` ENABLE KEYS */;
UNLOCK TABLES;

--
-- Table structure for table `divisi`
--

DROP TABLE IF EXISTS `divisi`;
/*!40101 SET @saved_cs_client     = @@character_set_client */;
/*!50503 SET character_set_client = utf8mb4 */;
CREATE TABLE `divisi` (
  `id` int NOT NULL AUTO_INCREMENT,
  `nama` varchar(191) COLLATE utf8mb4_unicode_ci NOT NULL,
  `cpu` int NOT NULL,
  `storage` int NOT NULL,
  `ram` int NOT NULL,
  `nama_storage` varchar(191) COLLATE utf8mb4_unicode_ci DEFAULT NULL,
  `head` varchar(191) COLLATE utf8mb4_unicode_ci DEFAULT NULL,
  PRIMARY KEY (`id`),
  UNIQUE KEY `Divisi_nama_key` (`nama`)
) ENGINE=InnoDB AUTO_INCREMENT=11 DEFAULT CHARSET=utf8mb4 COLLATE=utf8mb4_unicode_ci;
/*!40101 SET character_set_client = @saved_cs_client */;

--
-- Dumping data for table `divisi`
--

LOCK TABLES `divisi` WRITE;
/*!40000 ALTER TABLE `divisi` DISABLE KEYS */;
INSERT INTO `divisi` VALUES (1,'IT-Infra',50,1000,100,'G350','20101683'),(4,'IT-Core',100,100,100,'G350_CORE','20040394'),(5,'IT-Dev',100,100,100,'G350_DEV','20111907'),(6,'IT-DM',100,100,100,'G350_DM','20050771'),(7,'IT-Middleware',100,1000,100,'G350_MIDDLEWARE','20040394'),(9,'IT-ES',100,800,100,'G350_ES','20241159'),(10,'IT-Maintenance',1000,1000,1000,'G350_MAINTENANCE','20040394');
/*!40000 ALTER TABLE `divisi` ENABLE KEYS */;
UNLOCK TABLES;

--
-- Table structure for table `ipaddress`
--

DROP TABLE IF EXISTS `ipaddress`;
/*!40101 SET @saved_cs_client     = @@character_set_client */;
/*!50503 SET character_set_client = utf8mb4 */;
CREATE TABLE `ipaddress` (
  `id` int NOT NULL AUTO_INCREMENT,
  `ip` varchar(191) COLLATE utf8mb4_unicode_ci NOT NULL,
  `nama_server` varchar(191) COLLATE utf8mb4_unicode_ci DEFAULT NULL,
  `status` enum('AVAILABLE','NOT_AVAILABLE') COLLATE utf8mb4_unicode_ci NOT NULL DEFAULT 'AVAILABLE',
  `type` enum('INTERNAL','BACKEND','FRONTEND') COLLATE utf8mb4_unicode_ci NOT NULL,
  PRIMARY KEY (`id`),
  UNIQUE KEY `IpAddress_ip_key` (`ip`)
) ENGINE=InnoDB AUTO_INCREMENT=760 DEFAULT CHARSET=utf8mb4 COLLATE=utf8mb4_unicode_ci;
/*!40101 SET character_set_client = @saved_cs_client */;

--
-- Dumping data for table `ipaddress`
--

LOCK TABLES `ipaddress` WRITE;
/*!40000 ALTER TABLE `ipaddress` DISABLE KEYS */;
INSERT INTO `ipaddress` VALUES (1,'192.168.1.2','SIPP','NOT_AVAILABLE','INTERNAL'),(2,'192.168.1.3','SIPP','NOT_AVAILABLE','INTERNAL'),(3,'192.168.1.4','SIPP','NOT_AVAILABLE','INTERNAL'),(4,'192.168.1.5','SIPP','NOT_AVAILABLE','INTERNAL'),(5,'192.168.1.6','Self-Service','NOT_AVAILABLE','INTERNAL'),(6,'192.168.1.7','','AVAILABLE','INTERNAL'),(7,'192.168.1.8','RPAInternal-Linux','NOT_AVAILABLE','INTERNAL'),(8,'192.168.1.9','EWI','NOT_AVAILABLE','INTERNAL'),(9,'192.168.1.10','GPDEV2022','NOT_AVAILABLE','INTERNAL'),(10,'192.168.1.11','DATABASE_GUSANWA_AON','NOT_AVAILABLE','INTERNAL'),(11,'192.168.1.12','DB EMAS','NOT_AVAILABLE','INTERNAL'),(12,'192.168.1.13','vcenter.bcafwifi.co.id','NOT_AVAILABLE','INTERNAL'),(13,'192.168.1.14','DATABASE_GUSANWA','NOT_AVAILABLE','INTERNAL'),(14,'192.168.1.15','nas ilo 10.60.20.130','NOT_AVAILABLE','INTERNAL'),(15,'192.168.1.16','DATABASE_GUSANWA_AON','NOT_AVAILABLE','INTERNAL'),(16,'192.168.1.17','DATABASE_GUSANWA_AON','NOT_AVAILABLE','INTERNAL'),(17,'192.168.1.18','DATABASE-GUSANWA-AON','NOT_AVAILABLE','INTERNAL'),(18,'192.168.1.19','DATABASE-GUSANWA-AON','NOT_AVAILABLE','INTERNAL'),(19,'192.168.1.20','DBReplicate','NOT_AVAILABLE','INTERNAL'),(20,'192.168.1.21','DATABASE-GUSANWA','NOT_AVAILABLE','INTERNAL'),(21,'192.168.1.22','RPA-INTERNAL','NOT_AVAILABLE','INTERNAL'),(22,'192.168.1.23','RPA-INTERNAL-DUMMY','NOT_AVAILABLE','INTERNAL'),(23,'192.168.1.24','DEM-DYNATRACE-CMS','NOT_AVAILABLE','INTERNAL'),(24,'192.168.1.25','DEM-DYNATRACE-CMS','NOT_AVAILABLE','INTERNAL'),(25,'192.168.1.26','RCR_EpsonKofax','NOT_AVAILABLE','INTERNAL'),(26,'192.168.1.27',NULL,'AVAILABLE','INTERNAL'),(27,'192.168.1.28','Web Sandeza','NOT_AVAILABLE','INTERNAL'),(28,'192.168.1.29','Upgrade Apps Sigma 2019','NOT_AVAILABLE','INTERNAL'),(29,'192.168.1.30','TEST MA ME','NOT_AVAILABLE','INTERNAL'),(30,'192.168.1.31',NULL,'AVAILABLE','INTERNAL'),(31,'192.168.1.32',NULL,'AVAILABLE','INTERNAL'),(32,'192.168.1.33',NULL,'AVAILABLE','INTERNAL'),(33,'192.168.1.34','Testing EWI','NOT_AVAILABLE','INTERNAL'),(34,'192.168.1.35',NULL,'AVAILABLE','INTERNAL'),(35,'192.168.1.36',NULL,'AVAILABLE','INTERNAL'),(36,'192.168.1.37',NULL,'AVAILABLE','INTERNAL'),(37,'192.168.1.38','ILO Host dev : SGH714WVXA','NOT_AVAILABLE','INTERNAL'),(38,'192.168.1.39',NULL,'AVAILABLE','INTERNAL'),(39,'192.168.1.40',NULL,'AVAILABLE','INTERNAL'),(40,'192.168.1.41',NULL,'AVAILABLE','INTERNAL'),(41,'192.168.1.42','GDE Chipertrust Manager 1','NOT_AVAILABLE','INTERNAL'),(42,'192.168.1.43','GDE Chipertrust Manager 2','NOT_AVAILABLE','INTERNAL'),(43,'192.168.1.44','Ciphertrust Manager_1','NOT_AVAILABLE','INTERNAL'),(44,'192.168.1.45',NULL,'AVAILABLE','INTERNAL'),(45,'192.168.1.46','devportaldb_ARF','NOT_AVAILABLE','INTERNAL'),(46,'192.168.1.47','devportalui_ARF','NOT_AVAILABLE','INTERNAL'),(47,'192.168.1.48',NULL,'AVAILABLE','INTERNAL'),(48,'192.168.1.49','Relay_TrendMicro','NOT_AVAILABLE','INTERNAL'),(49,'192.168.1.50',NULL,'AVAILABLE','INTERNAL'),(50,'192.168.1.51','TempWin2019','NOT_AVAILABLE','INTERNAL'),(51,'192.168.1.52',NULL,'AVAILABLE','INTERNAL'),(52,'192.168.1.53','Zone DB SOA Dev','NOT_AVAILABLE','INTERNAL'),(53,'192.168.1.54','SOA App-ILO','NOT_AVAILABLE','INTERNAL'),(54,'192.168.1.55','SOA App-Global','NOT_AVAILABLE','INTERNAL'),(55,'192.168.1.56','SOA App-Zone1','NOT_AVAILABLE','INTERNAL'),(56,'192.168.1.57','SOA App-Zone2','NOT_AVAILABLE','INTERNAL'),(57,'192.168.1.58','SOA DB-ILO','NOT_AVAILABLE','INTERNAL'),(58,'192.168.1.59','SOA DB-Global','NOT_AVAILABLE','INTERNAL'),(59,'192.168.1.60','CMS-sigma panji','NOT_AVAILABLE','INTERNAL'),(60,'192.168.1.61','DB-sigma panji','NOT_AVAILABLE','INTERNAL'),(61,'192.168.1.62','AON-sigma panji','NOT_AVAILABLE','INTERNAL'),(62,'192.168.1.63',NULL,'AVAILABLE','INTERNAL'),(63,'192.168.1.64','GUN backup_dok_docusign','NOT_AVAILABLE','INTERNAL'),(64,'192.168.1.65','AI_ML epass','NOT_AVAILABLE','INTERNAL'),(65,'192.168.1.66','DEV SSIS','NOT_AVAILABLE','INTERNAL'),(66,'192.168.1.67','DevPSA71','NOT_AVAILABLE','INTERNAL'),(67,'192.168.1.68','DM Documentation','NOT_AVAILABLE','INTERNAL'),(68,'192.168.1.69',NULL,'AVAILABLE','INTERNAL'),(69,'192.168.1.70','CMS-sigma panji2','NOT_AVAILABLE','INTERNAL'),(70,'192.168.1.71','DB-sigma panji2','NOT_AVAILABLE','INTERNAL'),(71,'192.168.1.72',NULL,'AVAILABLE','INTERNAL'),(72,'192.168.1.73',NULL,'AVAILABLE','INTERNAL'),(73,'192.168.1.74','OCR Engine','NOT_AVAILABLE','INTERNAL'),(74,'192.168.1.75','AppsKonvergern','NOT_AVAILABLE','INTERNAL'),(75,'192.168.1.76','card_rectifier','NOT_AVAILABLE','INTERNAL'),(76,'192.168.1.77','OCr_engine2','NOT_AVAILABLE','INTERNAL'),(77,'192.168.1.78',NULL,'AVAILABLE','INTERNAL'),(78,'192.168.1.79','CMS Financore','NOT_AVAILABLE','INTERNAL'),(79,'192.168.1.80','SGH714WVX8 - ILO','NOT_AVAILABLE','INTERNAL'),(80,'192.168.1.81',NULL,'AVAILABLE','INTERNAL'),(81,'192.168.1.82','CMS Pengelolaan BPKB','NOT_AVAILABLE','INTERNAL'),(82,'192.168.1.83',NULL,'AVAILABLE','INTERNAL'),(83,'192.168.1.84',NULL,'AVAILABLE','INTERNAL'),(84,'192.168.1.85','POCForcePoint','NOT_AVAILABLE','INTERNAL'),(85,'192.168.1.86',NULL,'AVAILABLE','INTERNAL'),(86,'192.168.1.87','DB CRM DS','NOT_AVAILABLE','INTERNAL'),(87,'192.168.1.88','tap linux','NOT_AVAILABLE','INTERNAL'),(88,'192.168.1.89',NULL,'AVAILABLE','INTERNAL'),(89,'192.168.1.90',NULL,'AVAILABLE','INTERNAL'),(90,'192.168.1.91',NULL,'AVAILABLE','INTERNAL'),(91,'192.168.1.92',NULL,'AVAILABLE','INTERNAL'),(92,'192.168.1.93',NULL,'AVAILABLE','INTERNAL'),(93,'192.168.1.94',NULL,'AVAILABLE','INTERNAL'),(94,'192.168.1.95','SFTP Audit','NOT_AVAILABLE','INTERNAL'),(95,'192.168.1.96',NULL,'AVAILABLE','INTERNAL'),(96,'192.168.1.97',NULL,'AVAILABLE','INTERNAL'),(97,'192.168.1.98',NULL,'AVAILABLE','INTERNAL'),(98,'192.168.1.99',NULL,'AVAILABLE','INTERNAL'),(99,'192.168.1.100',NULL,'AVAILABLE','INTERNAL'),(100,'192.168.1.101','database_new_me [Andi]','NOT_AVAILABLE','INTERNAL'),(101,'192.168.1.102',NULL,'AVAILABLE','INTERNAL'),(102,'192.168.1.103',NULL,'AVAILABLE','INTERNAL'),(103,'192.168.1.104',NULL,'AVAILABLE','INTERNAL'),(104,'192.168.1.105','SOA Dev1 Zone 3 DB','NOT_AVAILABLE','INTERNAL'),(105,'192.168.1.106','SOA Dev2 Zone 2','NOT_AVAILABLE','INTERNAL'),(106,'192.168.1.107','SOA Dev2 Zone 3 DB','NOT_AVAILABLE','INTERNAL'),(107,'192.168.1.108','DbTador','NOT_AVAILABLE','INTERNAL'),(108,'192.168.1.109','FE CMS MAS','NOT_AVAILABLE','INTERNAL'),(109,'192.168.1.110',NULL,'AVAILABLE','INTERNAL'),(110,'192.168.1.111',NULL,'AVAILABLE','INTERNAL'),(111,'192.168.1.112','proxmox why','NOT_AVAILABLE','INTERNAL'),(112,'192.168.1.113','proxmoxbe WHY','NOT_AVAILABLE','INTERNAL'),(113,'192.168.1.114','Next CLoud WHY','NOT_AVAILABLE','INTERNAL'),(114,'192.168.1.115','Test Repo centos WHY','NOT_AVAILABLE','INTERNAL'),(115,'192.168.1.116',NULL,'AVAILABLE','INTERNAL'),(116,'192.168.1.117',NULL,'AVAILABLE','INTERNAL'),(117,'192.168.1.118',NULL,'AVAILABLE','INTERNAL'),(118,'192.168.1.119',NULL,'AVAILABLE','INTERNAL'),(119,'192.168.1.120',NULL,'AVAILABLE','INTERNAL'),(120,'192.168.1.121','controller G200','NOT_AVAILABLE','INTERNAL'),(121,'192.168.1.122','controller G200','NOT_AVAILABLE','INTERNAL'),(122,'192.168.1.123','controller G200','NOT_AVAILABLE','INTERNAL'),(123,'192.168.1.124',NULL,'AVAILABLE','INTERNAL'),(124,'192.168.1.125',NULL,'AVAILABLE','INTERNAL'),(125,'192.168.1.126',NULL,'AVAILABLE','INTERNAL'),(126,'192.168.1.127',NULL,'AVAILABLE','INTERNAL'),(127,'192.168.1.128',NULL,'AVAILABLE','INTERNAL'),(128,'192.168.1.129',NULL,'AVAILABLE','INTERNAL'),(129,'192.168.1.130',NULL,'AVAILABLE','INTERNAL'),(130,'192.168.1.131',NULL,'AVAILABLE','INTERNAL'),(131,'192.168.1.132','Novnc-Proxmox','NOT_AVAILABLE','INTERNAL'),(132,'192.168.1.133','Self-Servie-Proxmox','NOT_AVAILABLE','INTERNAL'),(133,'192.168.1.134','panji','NOT_AVAILABLE','INTERNAL'),(134,'192.168.1.135',NULL,'AVAILABLE','INTERNAL'),(135,'192.168.1.136',NULL,'AVAILABLE','INTERNAL'),(136,'192.168.1.137','ProRedesignWebClone_DML','NOT_AVAILABLE','INTERNAL'),(137,'192.168.1.138',NULL,'AVAILABLE','INTERNAL'),(138,'192.168.1.139','INTAPMWhatsapp','NOT_AVAILABLE','INTERNAL'),(139,'192.168.1.140','Dev_Website MTP','NOT_AVAILABLE','INTERNAL'),(140,'192.168.1.141','TestingDialP','NOT_AVAILABLE','INTERNAL'),(141,'192.168.1.142','POC Control M - MFT','NOT_AVAILABLE','INTERNAL'),(142,'192.168.1.143','POC Control M - Server','NOT_AVAILABLE','INTERNAL'),(143,'192.168.1.144','Monitoring Vcenter','AVAILABLE','INTERNAL'),(144,'192.168.1.145','CLoneCMS Sigma Marchell','NOT_AVAILABLE','INTERNAL'),(145,'192.168.1.146','Clone_CMS Sigma Ngurah','NOT_AVAILABLE','INTERNAL'),(146,'192.168.1.147',NULL,'AVAILABLE','INTERNAL'),(147,'192.168.1.148','Book Andri IPS','NOT_AVAILABLE','INTERNAL'),(148,'192.168.1.149','GDP_Collector_Gusanwa','NOT_AVAILABLE','INTERNAL'),(149,'192.168.1.150','GDE Ciphertrust Manager','NOT_AVAILABLE','INTERNAL'),(150,'192.168.1.151',NULL,'AVAILABLE','INTERNAL'),(151,'192.168.1.152',NULL,'AVAILABLE','INTERNAL'),(152,'192.168.1.153',NULL,'AVAILABLE','INTERNAL'),(153,'192.168.1.154',NULL,'AVAILABLE','INTERNAL'),(154,'192.168.1.155',NULL,'AVAILABLE','INTERNAL'),(155,'192.168.1.156',NULL,'AVAILABLE','INTERNAL'),(156,'192.168.1.157','cipertrus manager gui aon','NOT_AVAILABLE','INTERNAL'),(157,'192.168.1.158',NULL,'AVAILABLE','INTERNAL'),(158,'192.168.1.159',NULL,'AVAILABLE','INTERNAL'),(159,'192.168.1.160','INT_H2HMATFile_DML','NOT_AVAILABLE','INTERNAL'),(160,'192.168.1.161',NULL,'AVAILABLE','INTERNAL'),(161,'192.168.1.162',NULL,'AVAILABLE','INTERNAL'),(162,'192.168.1.163','ILO - SGH606W8HP','NOT_AVAILABLE','INTERNAL'),(163,'192.168.1.164',NULL,'AVAILABLE','INTERNAL'),(164,'192.168.1.165',NULL,'AVAILABLE','INTERNAL'),(165,'192.168.1.166',NULL,'AVAILABLE','INTERNAL'),(166,'192.168.1.167',NULL,'AVAILABLE','INTERNAL'),(167,'192.168.1.168','CMS AID Upgrade','NOT_AVAILABLE','INTERNAL'),(168,'192.168.1.169','WS AID Upgrade','NOT_AVAILABLE','INTERNAL'),(169,'192.168.1.170','H2H_MAT_FILE','NOT_AVAILABLE','INTERNAL'),(170,'192.168.1.171','Clone_DB Sigma Marchell','NOT_AVAILABLE','INTERNAL'),(171,'192.168.1.172',NULL,'AVAILABLE','INTERNAL'),(172,'192.168.1.173','Dev CMS SIPP','NOT_AVAILABLE','INTERNAL'),(173,'192.168.1.174','Dev Sipp DB','NOT_AVAILABLE','INTERNAL'),(174,'192.168.1.175','Dev Slik APP','NOT_AVAILABLE','INTERNAL'),(175,'192.168.1.176','DevSlikDB','NOT_AVAILABLE','INTERNAL'),(176,'192.168.1.177','Monitoring Internet Cabang Zabbix DB','NOT_AVAILABLE','INTERNAL'),(177,'192.168.1.178','Fraud Applicant,','NOT_AVAILABLE','INTERNAL'),(178,'192.168.1.179','BTADServer','NOT_AVAILABLE','INTERNAL'),(179,'192.168.1.180',NULL,'AVAILABLE','INTERNAL'),(180,'192.168.1.181','Virtual Ip','NOT_AVAILABLE','INTERNAL'),(181,'192.168.1.182','DB Upgrade CSIS','NOT_AVAILABLE','INTERNAL'),(182,'192.168.1.183','Elastic SIEM Leon','NOT_AVAILABLE','INTERNAL'),(183,'192.168.1.184',NULL,'AVAILABLE','INTERNAL'),(184,'192.168.1.185','ESXI 1.227','NOT_AVAILABLE','INTERNAL'),(185,'192.168.1.186','Data 01 : Host dev : SGH714WVXA','NOT_AVAILABLE','INTERNAL'),(186,'192.168.1.187',NULL,'AVAILABLE','INTERNAL'),(187,'192.168.1.188',NULL,'AVAILABLE','INTERNAL'),(188,'192.168.1.189','Zabbix Proxy','NOT_AVAILABLE','INTERNAL'),(189,'192.168.1.190','Zabbix DB','NOT_AVAILABLE','INTERNAL'),(190,'192.168.1.191','New Zabbix DB','NOT_AVAILABLE','INTERNAL'),(191,'192.168.1.192',NULL,'AVAILABLE','INTERNAL'),(192,'192.168.1.193',NULL,'AVAILABLE','INTERNAL'),(193,'192.168.1.194','Chatbot astari','NOT_AVAILABLE','INTERNAL'),(194,'192.168.1.195',NULL,'AVAILABLE','INTERNAL'),(195,'192.168.1.196',NULL,'AVAILABLE','INTERNAL'),(196,'192.168.1.197',NULL,'AVAILABLE','INTERNAL'),(197,'192.168.1.198','DB_FinaUpgrade_DRA','NOT_AVAILABLE','INTERNAL'),(198,'192.168.1.199','NextCLoud','NOT_AVAILABLE','INTERNAL'),(199,'192.168.1.200','POC_XDR','NOT_AVAILABLE','INTERNAL'),(200,'192.168.1.201',NULL,'AVAILABLE','INTERNAL'),(201,'192.168.1.202',NULL,'AVAILABLE','INTERNAL'),(202,'192.168.1.203',NULL,'AVAILABLE','INTERNAL'),(203,'192.168.1.204',NULL,'AVAILABLE','INTERNAL'),(204,'192.168.1.205','ilo new host dev lan','NOT_AVAILABLE','INTERNAL'),(205,'192.168.1.206',NULL,'AVAILABLE','INTERNAL'),(206,'192.168.1.207','ilo new host dev lan','NOT_AVAILABLE','INTERNAL'),(207,'192.168.1.208',NULL,'AVAILABLE','INTERNAL'),(208,'192.168.1.209',NULL,'AVAILABLE','INTERNAL'),(209,'192.168.1.210',NULL,'AVAILABLE','INTERNAL'),(210,'192.168.1.211',NULL,'AVAILABLE','INTERNAL'),(211,'192.168.1.212','OCRQuality1RZA','NOT_AVAILABLE','INTERNAL'),(212,'192.168.1.213','OCRQuality2RZA','NOT_AVAILABLE','INTERNAL'),(213,'192.168.1.214','ip virtual cluster db gus anwa','NOT_AVAILABLE','INTERNAL'),(214,'192.168.1.215',NULL,'AVAILABLE','INTERNAL'),(215,'192.168.1.216',NULL,'AVAILABLE','INTERNAL'),(216,'192.168.1.217','SFTP Audit','NOT_AVAILABLE','INTERNAL'),(217,'192.168.1.218','Power Bi Development','NOT_AVAILABLE','INTERNAL'),(218,'192.168.1.219','DB AID Upgrade','NOT_AVAILABLE','INTERNAL'),(219,'192.168.1.220',NULL,'AVAILABLE','INTERNAL'),(220,'192.168.1.221','BE CMS MAS','NOT_AVAILABLE','INTERNAL'),(221,'192.168.1.222','DB MAS Prelive','NOT_AVAILABLE','INTERNAL'),(222,'192.168.1.223','portal internal','NOT_AVAILABLE','INTERNAL'),(223,'192.168.1.224','RPADEVSPT','NOT_AVAILABLE','INTERNAL'),(224,'192.168.1.225',NULL,'AVAILABLE','INTERNAL'),(225,'192.168.1.226','sftp_server_dev pak thomas','NOT_AVAILABLE','INTERNAL'),(226,'192.168.1.227','ilo new server_why : SGH553VLF5','NOT_AVAILABLE','INTERNAL'),(227,'192.168.1.228','host new_server_why : SGH553VLF5','NOT_AVAILABLE','INTERNAL'),(228,'192.168.1.229','POC Chiper trust GUI (WAWA)','NOT_AVAILABLE','INTERNAL'),(229,'192.168.1.230','san switch dev brocade','NOT_AVAILABLE','INTERNAL'),(230,'192.168.1.231','ilo1 proxmox','NOT_AVAILABLE','INTERNAL'),(231,'192.168.1.232','ilo2 proxmox','NOT_AVAILABLE','INTERNAL'),(232,'192.168.1.233','ilo3 proxmox','NOT_AVAILABLE','INTERNAL'),(233,'192.168.1.234','proxmox1','NOT_AVAILABLE','INTERNAL'),(234,'192.168.1.235','proxmox2','NOT_AVAILABLE','INTERNAL'),(235,'192.168.1.236','proxmox3','NOT_AVAILABLE','INTERNAL'),(236,'192.168.1.237','proxmoxHOST','NOT_AVAILABLE','INTERNAL'),(237,'192.168.1.238',NULL,'AVAILABLE','INTERNAL'),(238,'192.168.1.239',NULL,'AVAILABLE','INTERNAL'),(239,'192.168.1.240',NULL,'AVAILABLE','INTERNAL'),(240,'192.168.1.241','DB UIpath Dev Yudi','NOT_AVAILABLE','INTERNAL'),(241,'192.168.1.242','Orchestrator Yudi','NOT_AVAILABLE','INTERNAL'),(242,'192.168.1.243','robot dev yudi','NOT_AVAILABLE','INTERNAL'),(243,'192.168.1.244','studio dev yudi','NOT_AVAILABLE','INTERNAL'),(244,'192.168.1.245','DB Sharing Aplikasi Bima','NOT_AVAILABLE','INTERNAL'),(245,'192.168.1.246','192.168.1.246','NOT_AVAILABLE','INTERNAL'),(246,'192.168.1.247','192.168.1.247','NOT_AVAILABLE','INTERNAL'),(247,'192.168.1.248','DB AID Heinrich','NOT_AVAILABLE','INTERNAL'),(248,'192.168.1.249','H2H_MAT_DB2022 dimas','NOT_AVAILABLE','INTERNAL'),(249,'192.168.1.250','wahyu-22 oct- mounting nas kuber','NOT_AVAILABLE','INTERNAL'),(250,'192.168.1.251','192.168.1.251','NOT_AVAILABLE','INTERNAL'),(251,'192.168.1.252','poc IPS','NOT_AVAILABLE','INTERNAL'),(252,'192.168.1.253','testing changes IP ubuntu (SPT)','NOT_AVAILABLE','INTERNAL'),(253,'192.168.1.254','ServiceAID','NOT_AVAILABLE','INTERNAL'),(254,'10.10.30.2','RPABE-Linux','NOT_AVAILABLE','BACKEND'),(255,'10.10.30.3','OnlyOffice','NOT_AVAILABLE','BACKEND'),(256,'10.10.30.4','','NOT_AVAILABLE','BACKEND'),(257,'10.10.30.5','','NOT_AVAILABLE','BACKEND'),(258,'10.10.30.6','','NOT_AVAILABLE','BACKEND'),(259,'10.10.30.7','','NOT_AVAILABLE','BACKEND'),(260,'10.10.30.8','','NOT_AVAILABLE','BACKEND'),(261,'10.10.30.9','','NOT_AVAILABLE','BACKEND'),(262,'10.10.30.10','','NOT_AVAILABLE','BACKEND'),(263,'10.10.30.11','BCAFAPPS01','NOT_AVAILABLE','BACKEND'),(264,'10.10.30.12','10.10.30.12','NOT_AVAILABLE','BACKEND'),(265,'10.10.30.13','10.10.30.13','NOT_AVAILABLE','BACKEND'),(266,'10.10.30.14','10.10.30.14','NOT_AVAILABLE','BACKEND'),(267,'10.10.30.15','10.10.30.15','NOT_AVAILABLE','BACKEND'),(268,'10.10.30.16','10.10.30.16','NOT_AVAILABLE','BACKEND'),(269,'10.10.30.17','BE-B2B Fidusia','NOT_AVAILABLE','BACKEND'),(270,'10.10.30.18','BE-MAS','NOT_AVAILABLE','BACKEND'),(271,'10.10.30.19','CMS-JOGETDX','NOT_AVAILABLE','BACKEND'),(272,'10.10.30.20','BE Website','NOT_AVAILABLE','BACKEND'),(273,'10.10.30.21','BESteppingSigma','NOT_AVAILABLE','BACKEND'),(274,'10.10.30.22','BESalesOne','NOT_AVAILABLE','BACKEND'),(275,'10.10.30.23','KAFKA','NOT_AVAILABLE','BACKEND'),(276,'10.10.30.24','NEXTCLOUD','NOT_AVAILABLE','BACKEND'),(277,'10.10.30.25','inUse','NOT_AVAILABLE','BACKEND'),(278,'10.10.30.26','true_nas','NOT_AVAILABLE','BACKEND'),(279,'10.10.30.27','fileSharingManager(NAS)','NOT_AVAILABLE','BACKEND'),(280,'10.10.30.28','10.10.30.28','NOT_AVAILABLE','BACKEND'),(281,'10.10.30.29','HAProxy1','NOT_AVAILABLE','BACKEND'),(282,'10.10.30.30','Master1','NOT_AVAILABLE','BACKEND'),(283,'10.10.30.31','Master2','NOT_AVAILABLE','BACKEND'),(284,'10.10.30.32','Master3','NOT_AVAILABLE','BACKEND'),(285,'10.10.30.33','Ingress1','NOT_AVAILABLE','BACKEND'),(286,'10.10.30.34','StorageNode1','NOT_AVAILABLE','BACKEND'),(287,'10.10.30.35','endPointCentral_endPoint','NOT_AVAILABLE','BACKEND'),(288,'10.10.30.36','Ingress2','NOT_AVAILABLE','BACKEND'),(289,'10.10.30.37','Gitrunner','NOT_AVAILABLE','BACKEND'),(290,'10.10.30.38','HAProxy2','NOT_AVAILABLE','BACKEND'),(291,'10.10.30.39','Infra','NOT_AVAILABLE','BACKEND'),(292,'10.10.30.40','HAProxy2','NOT_AVAILABLE','BACKEND'),(293,'10.10.30.41','MEFE1','NOT_AVAILABLE','BACKEND'),(294,'10.10.30.42','MEFE2','NOT_AVAILABLE','BACKEND'),(295,'10.10.30.43','LCBE1','NOT_AVAILABLE','BACKEND'),(296,'10.10.30.44','LCBE2','NOT_AVAILABLE','BACKEND'),(297,'10.10.30.45','LCFE1','NOT_AVAILABLE','BACKEND'),(298,'10.10.30.46','MEBE1','NOT_AVAILABLE','BACKEND'),(299,'10.10.30.47','MEBE2','NOT_AVAILABLE','BACKEND'),(300,'10.10.30.48','LCFE2','NOT_AVAILABLE','BACKEND'),(301,'10.10.30.49','10.10.30.49','NOT_AVAILABLE','BACKEND'),(302,'10.10.30.50','10.10.30.50','NOT_AVAILABLE','BACKEND'),(303,'10.10.30.51','FINA Node1','NOT_AVAILABLE','BACKEND'),(304,'10.10.30.52','FINA Node2','NOT_AVAILABLE','BACKEND'),(305,'10.10.30.53','Temp_Jjo','NOT_AVAILABLE','BACKEND'),(306,'10.10.30.54','Gamesnode2','NOT_AVAILABLE','BACKEND'),(307,'10.10.30.55','Chatbotbe01','NOT_AVAILABLE','BACKEND'),(308,'10.10.30.56','Chatbotbe02','NOT_AVAILABLE','BACKEND'),(309,'10.10.30.57','BESHfast','NOT_AVAILABLE','BACKEND'),(310,'10.10.30.58','MASBE','NOT_AVAILABLE','BACKEND'),(311,'10.10.30.59','DEBEZIUM','NOT_AVAILABLE','BACKEND'),(312,'10.10.30.60','DEVNODE','NOT_AVAILABLE','BACKEND'),(313,'10.10.30.61','10.10.30.61','NOT_AVAILABLE','BACKEND'),(314,'10.10.30.62','10.10.30.62','NOT_AVAILABLE','BACKEND'),(315,'10.10.30.63','10.10.30.63','NOT_AVAILABLE','BACKEND'),(316,'10.10.30.64','10.10.30.64','NOT_AVAILABLE','BACKEND'),(317,'10.10.30.65','10.10.30.65','NOT_AVAILABLE','BACKEND'),(318,'10.10.30.66','10.10.30.66','NOT_AVAILABLE','BACKEND'),(319,'10.10.30.67','10.10.30.67','NOT_AVAILABLE','BACKEND'),(320,'10.10.30.68','10.10.30.68','NOT_AVAILABLE','BACKEND'),(321,'10.10.30.69','EGERGPBE','NOT_AVAILABLE','BACKEND'),(322,'10.10.30.70','10.10.30.70','NOT_AVAILABLE','BACKEND'),(323,'10.10.30.71','WNFINASH','NOT_AVAILABLE','BACKEND'),(324,'10.10.30.72','MEFE1','NOT_AVAILABLE','BACKEND'),(325,'10.10.30.73','E-Materai','NOT_AVAILABLE','BACKEND'),(326,'10.10.30.74','BEVirtuallmal01','NOT_AVAILABLE','BACKEND'),(327,'10.10.30.75','BEVirtuallmal01','NOT_AVAILABLE','BACKEND'),(328,'10.10.30.76','Ingress K8S','NOT_AVAILABLE','BACKEND'),(329,'10.10.30.77','RPADEVBESPT','NOT_AVAILABLE','BACKEND'),(330,'10.10.30.78','BEFINAUAT','NOT_AVAILABLE','BACKEND'),(331,'10.10.30.79','StorageNode1-HA','NOT_AVAILABLE','BACKEND'),(332,'10.10.30.80','RPADEVBESPT','NOT_AVAILABLE','BACKEND'),(333,'10.10.30.81','StorageNode2-HA','NOT_AVAILABLE','BACKEND'),(334,'10.10.30.82','3rd Party Sandeza','NOT_AVAILABLE','BACKEND'),(335,'10.10.30.83','Gluster FS HA 1','NOT_AVAILABLE','BACKEND'),(336,'10.10.30.84','Gluster FS HA 2','NOT_AVAILABLE','BACKEND'),(337,'10.10.30.85','Ibmaster','NOT_AVAILABLE','BACKEND'),(338,'10.10.30.86','Master01','NOT_AVAILABLE','BACKEND'),(339,'10.10.30.87','Master02','NOT_AVAILABLE','BACKEND'),(340,'10.10.30.88','Worker01','NOT_AVAILABLE','BACKEND'),(341,'10.10.30.89','Worker02','NOT_AVAILABLE','BACKEND'),(342,'10.10.30.90','Ingress Kubernetes','NOT_AVAILABLE','BACKEND'),(343,'10.10.30.91','Ingress Kubernetes','NOT_AVAILABLE','BACKEND'),(344,'10.10.30.92','New Forwarder SOA','NOT_AVAILABLE','BACKEND'),(345,'10.10.30.93','BE 2 Simpler','NOT_AVAILABLE','BACKEND'),(346,'10.10.30.94','BE 2 Simpler2','NOT_AVAILABLE','BACKEND'),(347,'10.10.30.95','BluOto_BeClone','NOT_AVAILABLE','BACKEND'),(348,'10.10.30.96','Temp SPT','NOT_AVAILABLE','BACKEND'),(349,'10.10.30.97','Temp SPT','NOT_AVAILABLE','BACKEND'),(350,'10.10.30.98','BE_TADOR','NOT_AVAILABLE','BACKEND'),(351,'10.10.30.99','BeWebsiteMTPClone','NOT_AVAILABLE','BACKEND'),(352,'10.10.30.100','MinIO','NOT_AVAILABLE','BACKEND'),(353,'10.10.30.101','sangfor','NOT_AVAILABLE','BACKEND'),(354,'10.10.30.102','NEXTCLOUD-2','NOT_AVAILABLE','BACKEND'),(355,'10.10.30.103','RPA_BE_SPT','NOT_AVAILABLE','BACKEND'),(356,'10.10.30.104','Ingress_BAG','NOT_AVAILABLE','BACKEND'),(357,'10.10.30.105','Ingress_BAG','NOT_AVAILABLE','BACKEND'),(358,'10.10.30.106','BE01 Chatbot Astari','NOT_AVAILABLE','BACKEND'),(359,'10.10.30.107','BE02 Chatbot Astari','NOT_AVAILABLE','BACKEND'),(360,'10.10.30.108','BE Mobile MAS yudi','NOT_AVAILABLE','BACKEND'),(361,'10.10.30.109','Upgrade BE_TADOR 30.98 DMS','NOT_AVAILABLE','BACKEND'),(362,'10.10.30.110','CLone_BluOto_Be3','NOT_AVAILABLE','BACKEND'),(363,'10.10.30.111','Zabbix Server','NOT_AVAILABLE','BACKEND'),(364,'10.10.30.112','Virtual IP Solace BAG','NOT_AVAILABLE','BACKEND'),(365,'10.10.30.113','Worker07_JMY','NOT_AVAILABLE','BACKEND'),(366,'10.10.30.114','Worker4_JMY','NOT_AVAILABLE','BACKEND'),(367,'10.10.30.115','Worker6_JMY','NOT_AVAILABLE','BACKEND'),(368,'10.10.30.116','','AVAILABLE','BACKEND'),(369,'10.10.30.117','K3s_JMY','NOT_AVAILABLE','BACKEND'),(370,'10.10.30.118',NULL,'AVAILABLE','BACKEND'),(371,'10.10.30.119','worker05','NOT_AVAILABLE','BACKEND'),(372,'10.10.30.120','worker03','NOT_AVAILABLE','BACKEND'),(373,'10.10.30.121','BE_IntChatbot_CHA','NOT_AVAILABLE','BACKEND'),(374,'10.10.30.122','BE_AstariGPt_CHA','NOT_AVAILABLE','BACKEND'),(375,'10.10.30.123','BE_SumAHU_CHA','NOT_AVAILABLE','BACKEND'),(376,'10.10.30.124','10.10.30.124','NOT_AVAILABLE','BACKEND'),(377,'10.10.30.125','Virtual IP_FIleBeat_BAG','NOT_AVAILABLE','BACKEND'),(378,'10.10.30.126','Virtual IP_FIleBeat_BAG','NOT_AVAILABLE','BACKEND'),(379,'10.10.30.127','Virtual IP_Tador_DML','NOT_AVAILABLE','BACKEND'),(380,'10.10.30.128','BE_FinaUpgrade_DRA','NOT_AVAILABLE','BACKEND'),(381,'10.10.30.129','RidgeBot','NOT_AVAILABLE','BACKEND'),(382,'10.10.30.130','docker why','NOT_AVAILABLE','BACKEND'),(383,'10.10.30.131',NULL,'AVAILABLE','BACKEND'),(384,'10.10.30.132',NULL,'AVAILABLE','BACKEND'),(385,'10.10.30.133',NULL,'AVAILABLE','BACKEND'),(386,'10.10.30.134',NULL,'AVAILABLE','BACKEND'),(387,'10.10.30.135',NULL,'AVAILABLE','BACKEND'),(388,'10.10.30.136',NULL,'AVAILABLE','BACKEND'),(389,'10.10.30.137',NULL,'AVAILABLE','BACKEND'),(390,'10.10.30.138',NULL,'AVAILABLE','BACKEND'),(391,'10.10.30.139',NULL,'AVAILABLE','BACKEND'),(392,'10.10.30.140','proxmox','NOT_AVAILABLE','BACKEND'),(393,'10.10.30.141',NULL,'AVAILABLE','BACKEND'),(394,'10.10.30.142',NULL,'AVAILABLE','BACKEND'),(395,'10.10.30.143',NULL,'AVAILABLE','BACKEND'),(396,'10.10.30.144',NULL,'AVAILABLE','BACKEND'),(397,'10.10.30.145',NULL,'AVAILABLE','BACKEND'),(398,'10.10.30.146',NULL,'AVAILABLE','BACKEND'),(399,'10.10.30.147',NULL,'AVAILABLE','BACKEND'),(400,'10.10.30.148',NULL,'AVAILABLE','BACKEND'),(401,'10.10.30.149',NULL,'AVAILABLE','BACKEND'),(402,'10.10.30.150',NULL,'AVAILABLE','BACKEND'),(403,'10.10.30.151',NULL,'AVAILABLE','BACKEND'),(404,'10.10.30.152',NULL,'AVAILABLE','BACKEND'),(405,'10.10.30.153',NULL,'AVAILABLE','BACKEND'),(406,'10.10.30.154',NULL,'AVAILABLE','BACKEND'),(407,'10.10.30.155',NULL,'AVAILABLE','BACKEND'),(408,'10.10.30.156',NULL,'AVAILABLE','BACKEND'),(409,'10.10.30.157',NULL,'AVAILABLE','BACKEND'),(410,'10.10.30.158',NULL,'AVAILABLE','BACKEND'),(411,'10.10.30.159',NULL,'AVAILABLE','BACKEND'),(412,'10.10.30.160',NULL,'AVAILABLE','BACKEND'),(413,'10.10.30.161',NULL,'AVAILABLE','BACKEND'),(414,'10.10.30.162',NULL,'AVAILABLE','BACKEND'),(415,'10.10.30.163',NULL,'AVAILABLE','BACKEND'),(416,'10.10.30.164',NULL,'AVAILABLE','BACKEND'),(417,'10.10.30.165',NULL,'AVAILABLE','BACKEND'),(418,'10.10.30.166',NULL,'AVAILABLE','BACKEND'),(419,'10.10.30.167',NULL,'AVAILABLE','BACKEND'),(420,'10.10.30.168',NULL,'AVAILABLE','BACKEND'),(421,'10.10.30.169',NULL,'AVAILABLE','BACKEND'),(422,'10.10.30.170',NULL,'AVAILABLE','BACKEND'),(423,'10.10.30.171',NULL,'AVAILABLE','BACKEND'),(424,'10.10.30.172',NULL,'AVAILABLE','BACKEND'),(425,'10.10.30.173',NULL,'AVAILABLE','BACKEND'),(426,'10.10.30.174',NULL,'AVAILABLE','BACKEND'),(427,'10.10.30.175',NULL,'AVAILABLE','BACKEND'),(428,'10.10.30.176',NULL,'AVAILABLE','BACKEND'),(429,'10.10.30.177',NULL,'AVAILABLE','BACKEND'),(430,'10.10.30.178',NULL,'AVAILABLE','BACKEND'),(431,'10.10.30.179',NULL,'AVAILABLE','BACKEND'),(432,'10.10.30.180',NULL,'AVAILABLE','BACKEND'),(433,'10.10.30.181',NULL,'AVAILABLE','BACKEND'),(434,'10.10.30.182',NULL,'AVAILABLE','BACKEND'),(435,'10.10.30.183',NULL,'AVAILABLE','BACKEND'),(436,'10.10.30.184',NULL,'AVAILABLE','BACKEND'),(437,'10.10.30.185',NULL,'AVAILABLE','BACKEND'),(438,'10.10.30.186',NULL,'AVAILABLE','BACKEND'),(439,'10.10.30.187',NULL,'AVAILABLE','BACKEND'),(440,'10.10.30.188',NULL,'AVAILABLE','BACKEND'),(441,'10.10.30.189',NULL,'AVAILABLE','BACKEND'),(442,'10.10.30.190',NULL,'AVAILABLE','BACKEND'),(443,'10.10.30.191',NULL,'AVAILABLE','BACKEND'),(444,'10.10.30.192',NULL,'AVAILABLE','BACKEND'),(445,'10.10.30.193',NULL,'AVAILABLE','BACKEND'),(446,'10.10.30.194',NULL,'AVAILABLE','BACKEND'),(447,'10.10.30.195',NULL,'AVAILABLE','BACKEND'),(448,'10.10.30.196',NULL,'AVAILABLE','BACKEND'),(449,'10.10.30.197',NULL,'AVAILABLE','BACKEND'),(450,'10.10.30.198',NULL,'AVAILABLE','BACKEND'),(451,'10.10.30.199',NULL,'AVAILABLE','BACKEND'),(452,'10.10.30.200',NULL,'AVAILABLE','BACKEND'),(453,'10.10.30.201',NULL,'AVAILABLE','BACKEND'),(454,'10.10.30.202',NULL,'AVAILABLE','BACKEND'),(455,'10.10.30.203',NULL,'AVAILABLE','BACKEND'),(456,'10.10.30.204',NULL,'AVAILABLE','BACKEND'),(457,'10.10.30.205',NULL,'AVAILABLE','BACKEND'),(458,'10.10.30.206',NULL,'AVAILABLE','BACKEND'),(459,'10.10.30.207',NULL,'AVAILABLE','BACKEND'),(460,'10.10.30.208',NULL,'AVAILABLE','BACKEND'),(461,'10.10.30.209',NULL,'AVAILABLE','BACKEND'),(462,'10.10.30.210',NULL,'AVAILABLE','BACKEND'),(463,'10.10.30.211',NULL,'AVAILABLE','BACKEND'),(464,'10.10.30.212',NULL,'AVAILABLE','BACKEND'),(465,'10.10.30.213',NULL,'AVAILABLE','BACKEND'),(466,'10.10.30.214',NULL,'AVAILABLE','BACKEND'),(467,'10.10.30.215',NULL,'AVAILABLE','BACKEND'),(468,'10.10.30.216',NULL,'AVAILABLE','BACKEND'),(469,'10.10.30.217',NULL,'AVAILABLE','BACKEND'),(470,'10.10.30.218',NULL,'AVAILABLE','BACKEND'),(471,'10.10.30.219',NULL,'AVAILABLE','BACKEND'),(472,'10.10.30.220',NULL,'AVAILABLE','BACKEND'),(473,'10.10.30.221',NULL,'AVAILABLE','BACKEND'),(474,'10.10.30.222',NULL,'AVAILABLE','BACKEND'),(475,'10.10.30.223',NULL,'AVAILABLE','BACKEND'),(476,'10.10.30.224',NULL,'AVAILABLE','BACKEND'),(477,'10.10.30.225',NULL,'AVAILABLE','BACKEND'),(478,'10.10.30.226',NULL,'AVAILABLE','BACKEND'),(479,'10.10.30.227',NULL,'AVAILABLE','BACKEND'),(480,'10.10.30.228',NULL,'AVAILABLE','BACKEND'),(481,'10.10.30.229',NULL,'AVAILABLE','BACKEND'),(482,'10.10.30.230',NULL,'AVAILABLE','BACKEND'),(483,'10.10.30.231',NULL,'AVAILABLE','BACKEND'),(484,'10.10.30.232',NULL,'AVAILABLE','BACKEND'),(485,'10.10.30.233',NULL,'AVAILABLE','BACKEND'),(486,'10.10.30.234',NULL,'AVAILABLE','BACKEND'),(487,'10.10.30.235',NULL,'AVAILABLE','BACKEND'),(488,'10.10.30.236',NULL,'AVAILABLE','BACKEND'),(489,'10.10.30.237',NULL,'AVAILABLE','BACKEND'),(490,'10.10.30.238',NULL,'AVAILABLE','BACKEND'),(491,'10.10.30.239',NULL,'AVAILABLE','BACKEND'),(492,'10.10.30.240',NULL,'AVAILABLE','BACKEND'),(493,'10.10.30.241',NULL,'AVAILABLE','BACKEND'),(494,'10.10.30.242',NULL,'AVAILABLE','BACKEND'),(495,'10.10.30.243',NULL,'AVAILABLE','BACKEND'),(496,'10.10.30.244',NULL,'AVAILABLE','BACKEND'),(497,'10.10.30.245',NULL,'AVAILABLE','BACKEND'),(498,'10.10.30.246',NULL,'AVAILABLE','BACKEND'),(499,'10.10.30.247',NULL,'AVAILABLE','BACKEND'),(500,'10.10.30.248',NULL,'AVAILABLE','BACKEND'),(501,'10.10.30.249',NULL,'AVAILABLE','BACKEND'),(502,'10.10.30.250',NULL,'AVAILABLE','BACKEND'),(503,'10.10.30.251',NULL,'AVAILABLE','BACKEND'),(504,'10.10.30.252',NULL,'AVAILABLE','BACKEND'),(505,'10.10.30.253',NULL,'AVAILABLE','BACKEND'),(506,'10.10.30.254',NULL,'AVAILABLE','BACKEND'),(507,'10.10.40.2','RPAFE-Linux','NOT_AVAILABLE','FRONTEND'),(508,'10.10.40.3','DEM-DYNATRACE','NOT_AVAILABLE','FRONTEND'),(509,'10.10.40.4','APIGEE-NGINX2','NOT_AVAILABLE','FRONTEND'),(510,'10.10.40.5','APIGEE-NGINX1','NOT_AVAILABLE','FRONTEND'),(511,'10.10.40.6','NGINX','NOT_AVAILABLE','FRONTEND'),(512,'10.10.40.7','Virtual IP NGINX APIGEE','NOT_AVAILABLE','FRONTEND'),(513,'10.10.40.8','','AVAILABLE','FRONTEND'),(514,'10.10.40.9','VPN','NOT_AVAILABLE','FRONTEND'),(515,'10.10.40.10','vpn','NOT_AVAILABLE','FRONTEND'),(516,'10.10.40.11','BCAFAPPS02','NOT_AVAILABLE','FRONTEND'),(517,'10.10.40.12','UBUNTU01','NOT_AVAILABLE','FRONTEND'),(518,'10.10.40.13','Monitor-Wifi','NOT_AVAILABLE','FRONTEND'),(519,'10.10.40.14','10.10.40.14','NOT_AVAILABLE','FRONTEND'),(520,'10.10.40.15','DevJogetDx','NOT_AVAILABLE','FRONTEND'),(521,'10.10.40.16','FileManager_Legal','NOT_AVAILABLE','FRONTEND'),(522,'10.10.40.17','10.10.40.17','NOT_AVAILABLE','FRONTEND'),(523,'10.10.40.18','Apps_WA04 HTA','NOT_AVAILABLE','FRONTEND'),(524,'10.10.40.19','TrainQlikSense','NOT_AVAILABLE','FRONTEND'),(525,'10.10.40.20','FEWebsite','NOT_AVAILABLE','FRONTEND'),(526,'10.10.40.21','FESalesOne','NOT_AVAILABLE','FRONTEND'),(527,'10.10.40.22',NULL,'AVAILABLE','FRONTEND'),(528,'10.10.40.23','SIMULASIFE1','NOT_AVAILABLE','FRONTEND'),(529,'10.10.40.24',NULL,'AVAILABLE','FRONTEND'),(530,'10.10.40.25','REVERSEPROXY','NOT_AVAILABLE','FRONTEND'),(531,'10.10.40.26','CHATBOTFE','NOT_AVAILABLE','FRONTEND'),(532,'10.10.40.27','FESHFAST','NOT_AVAILABLE','FRONTEND'),(533,'10.10.40.28','FEMAS','NOT_AVAILABLE','FRONTEND'),(534,'10.10.40.29','CLONE HA PROXY ARLIAN','NOT_AVAILABLE','FRONTEND'),(535,'10.10.40.30','CLONE HA PROXY 2 ARLIAN','NOT_AVAILABLE','FRONTEND'),(536,'10.10.40.31','SQUID SERVER APIGEE','NOT_AVAILABLE','FRONTEND'),(537,'10.10.40.32','SQUID SERVER 2 APIGEE','NOT_AVAILABLE','FRONTEND'),(538,'10.10.40.33','NODE4','NOT_AVAILABLE','FRONTEND'),(539,'10.10.40.34','NODE5','NOT_AVAILABLE','FRONTEND'),(540,'10.10.40.35','Virtual HA Proxy Apigee','NOT_AVAILABLE','FRONTEND'),(541,'10.10.40.36','10.10.40.36','NOT_AVAILABLE','FRONTEND'),(542,'10.10.40.37','FE EGER GP','NOT_AVAILABLE','FRONTEND'),(543,'10.10.40.38','FE VMALL_ALI','NOT_AVAILABLE','FRONTEND'),(544,'10.10.40.39',NULL,'AVAILABLE','FRONTEND'),(545,'10.10.40.40','FE EXHALL','NOT_AVAILABLE','FRONTEND'),(546,'10.10.40.41','FE FINA UAT','NOT_AVAILABLE','FRONTEND'),(547,'10.10.40.42','FE VMALL_DOC','NOT_AVAILABLE','FRONTEND'),(548,'10.10.40.43','FE RPA','NOT_AVAILABLE','FRONTEND'),(549,'10.10.40.44','FE MAS','NOT_AVAILABLE','FRONTEND'),(550,'10.10.40.45','FE MAS','NOT_AVAILABLE','FRONTEND'),(551,'10.10.40.46','Clone FE_FINA_UAT','NOT_AVAILABLE','FRONTEND'),(552,'10.10.40.47','FE_RobocallStorage','NOT_AVAILABLE','FRONTEND'),(553,'10.10.40.48','FE_Netbox_JJO','NOT_AVAILABLE','FRONTEND'),(554,'10.10.40.49','ReverseProxyFINA','NOT_AVAILABLE','FRONTEND'),(555,'10.10.40.50','bimi','NOT_AVAILABLE','FRONTEND'),(556,'10.10.40.51','SMTP Relay AWS','NOT_AVAILABLE','FRONTEND'),(557,'10.10.40.52','Reverse Proxy','NOT_AVAILABLE','FRONTEND'),(558,'10.10.40.53','FEWebsite MTP Clone','NOT_AVAILABLE','FRONTEND'),(559,'10.10.40.54','pak ochis','NOT_AVAILABLE','FRONTEND'),(560,'10.10.40.55',NULL,'AVAILABLE','FRONTEND'),(561,'10.10.40.56','FE_TADOR','NOT_AVAILABLE','FRONTEND'),(562,'10.10.40.57','RPA_FE_SPT','NOT_AVAILABLE','FRONTEND'),(563,'10.10.40.58',NULL,'AVAILABLE','FRONTEND'),(564,'10.10.40.59',NULL,'AVAILABLE','FRONTEND'),(565,'10.10.40.60','Upgrade FE_TADOR 40.65 DMS','NOT_AVAILABLE','FRONTEND'),(566,'10.10.40.61',NULL,'AVAILABLE','FRONTEND'),(567,'10.10.40.62',NULL,'AVAILABLE','FRONTEND'),(568,'10.10.40.63','FE_LBSumAhu_CHA','NOT_AVAILABLE','FRONTEND'),(569,'10.10.40.64','FE_LBIntChatbot_CHA','NOT_AVAILABLE','FRONTEND'),(570,'10.10.40.65','FE_LBAstariGPT_CHA','NOT_AVAILABLE','FRONTEND'),(571,'10.10.40.66','FE_AstariGPT_CHA','NOT_AVAILABLE','FRONTEND'),(572,'10.10.40.67','FE_IntChatbot_CHA','NOT_AVAILABLE','FRONTEND'),(573,'10.10.40.68','FE_FinaUpgrade_DRA','NOT_AVAILABLE','FRONTEND'),(574,'10.10.40.69','apigeedevportal-ui','NOT_AVAILABLE','FRONTEND'),(575,'10.10.40.70','FE Mobile MAS','NOT_AVAILABLE','FRONTEND'),(576,'10.10.40.71','FE Chatbot Astari','NOT_AVAILABLE','FRONTEND'),(577,'10.10.40.72',NULL,'AVAILABLE','FRONTEND'),(578,'10.10.40.73',NULL,'AVAILABLE','FRONTEND'),(579,'10.10.40.74',NULL,'AVAILABLE','FRONTEND'),(580,'10.10.40.75',NULL,'AVAILABLE','FRONTEND'),(581,'10.10.40.76',NULL,'AVAILABLE','FRONTEND'),(582,'10.10.40.77',NULL,'AVAILABLE','FRONTEND'),(583,'10.10.40.78',NULL,'AVAILABLE','FRONTEND'),(584,'10.10.40.79',NULL,'AVAILABLE','FRONTEND'),(585,'10.10.40.80',NULL,'AVAILABLE','FRONTEND'),(586,'10.10.40.81',NULL,'AVAILABLE','FRONTEND'),(587,'10.10.40.82',NULL,'AVAILABLE','FRONTEND'),(588,'10.10.40.83',NULL,'AVAILABLE','FRONTEND'),(589,'10.10.40.84',NULL,'AVAILABLE','FRONTEND'),(590,'10.10.40.85',NULL,'AVAILABLE','FRONTEND'),(591,'10.10.40.86',NULL,'AVAILABLE','FRONTEND'),(592,'10.10.40.87',NULL,'AVAILABLE','FRONTEND'),(593,'10.10.40.88',NULL,'AVAILABLE','FRONTEND'),(594,'10.10.40.89',NULL,'AVAILABLE','FRONTEND'),(595,'10.10.40.90',NULL,'AVAILABLE','FRONTEND'),(596,'10.10.40.91',NULL,'AVAILABLE','FRONTEND'),(597,'10.10.40.92',NULL,'AVAILABLE','FRONTEND'),(598,'10.10.40.93',NULL,'AVAILABLE','FRONTEND'),(599,'10.10.40.94',NULL,'AVAILABLE','FRONTEND'),(600,'10.10.40.95',NULL,'AVAILABLE','FRONTEND'),(601,'10.10.40.96',NULL,'AVAILABLE','FRONTEND'),(602,'10.10.40.97',NULL,'AVAILABLE','FRONTEND'),(603,'10.10.40.98',NULL,'AVAILABLE','FRONTEND'),(604,'10.10.40.99',NULL,'AVAILABLE','FRONTEND'),(605,'10.10.40.100',NULL,'AVAILABLE','FRONTEND'),(606,'10.10.40.101','sangfor','NOT_AVAILABLE','FRONTEND'),(607,'10.10.40.102',NULL,'AVAILABLE','FRONTEND'),(608,'10.10.40.103',NULL,'AVAILABLE','FRONTEND'),(609,'10.10.40.104',NULL,'AVAILABLE','FRONTEND'),(610,'10.10.40.105',NULL,'AVAILABLE','FRONTEND'),(611,'10.10.40.106',NULL,'AVAILABLE','FRONTEND'),(612,'10.10.40.107',NULL,'AVAILABLE','FRONTEND'),(613,'10.10.40.108',NULL,'AVAILABLE','FRONTEND'),(614,'10.10.40.109',NULL,'AVAILABLE','FRONTEND'),(615,'10.10.40.110',NULL,'AVAILABLE','FRONTEND'),(616,'10.10.40.111',NULL,'AVAILABLE','FRONTEND'),(617,'10.10.40.112',NULL,'AVAILABLE','FRONTEND'),(618,'10.10.40.113',NULL,'AVAILABLE','FRONTEND'),(619,'10.10.40.114',NULL,'AVAILABLE','FRONTEND'),(620,'10.10.40.115',NULL,'AVAILABLE','FRONTEND'),(621,'10.10.40.116',NULL,'AVAILABLE','FRONTEND'),(622,'10.10.40.117',NULL,'AVAILABLE','FRONTEND'),(623,'10.10.40.118',NULL,'AVAILABLE','FRONTEND'),(624,'10.10.40.119',NULL,'AVAILABLE','FRONTEND'),(625,'10.10.40.120',NULL,'AVAILABLE','FRONTEND'),(626,'10.10.40.121',NULL,'AVAILABLE','FRONTEND'),(627,'10.10.40.122',NULL,'AVAILABLE','FRONTEND'),(628,'10.10.40.123',NULL,'AVAILABLE','FRONTEND'),(629,'10.10.40.124',NULL,'AVAILABLE','FRONTEND'),(630,'10.10.40.125',NULL,'AVAILABLE','FRONTEND'),(631,'10.10.40.126',NULL,'AVAILABLE','FRONTEND'),(632,'10.10.40.127',NULL,'AVAILABLE','FRONTEND'),(633,'10.10.40.128',NULL,'AVAILABLE','FRONTEND'),(634,'10.10.40.129',NULL,'AVAILABLE','FRONTEND'),(635,'10.10.40.130',NULL,'AVAILABLE','FRONTEND'),(636,'10.10.40.131',NULL,'AVAILABLE','FRONTEND'),(637,'10.10.40.132',NULL,'AVAILABLE','FRONTEND'),(638,'10.10.40.133',NULL,'AVAILABLE','FRONTEND'),(639,'10.10.40.134',NULL,'AVAILABLE','FRONTEND'),(640,'10.10.40.135',NULL,'AVAILABLE','FRONTEND'),(641,'10.10.40.136',NULL,'AVAILABLE','FRONTEND'),(642,'10.10.40.137',NULL,'AVAILABLE','FRONTEND'),(643,'10.10.40.138',NULL,'AVAILABLE','FRONTEND'),(644,'10.10.40.139',NULL,'AVAILABLE','FRONTEND'),(645,'10.10.40.140','proxmox','NOT_AVAILABLE','FRONTEND'),(646,'10.10.40.141','proxmox','NOT_AVAILABLE','FRONTEND'),(647,'10.10.40.142','proxmox','NOT_AVAILABLE','FRONTEND'),(648,'10.10.40.143',NULL,'AVAILABLE','FRONTEND'),(649,'10.10.40.144',NULL,'AVAILABLE','FRONTEND'),(650,'10.10.40.145',NULL,'AVAILABLE','FRONTEND'),(651,'10.10.40.146',NULL,'AVAILABLE','FRONTEND'),(652,'10.10.40.147',NULL,'AVAILABLE','FRONTEND'),(653,'10.10.40.148',NULL,'AVAILABLE','FRONTEND'),(654,'10.10.40.149',NULL,'AVAILABLE','FRONTEND'),(655,'10.10.40.150',NULL,'AVAILABLE','FRONTEND'),(656,'10.10.40.151',NULL,'AVAILABLE','FRONTEND'),(657,'10.10.40.152',NULL,'AVAILABLE','FRONTEND'),(658,'10.10.40.153',NULL,'AVAILABLE','FRONTEND'),(659,'10.10.40.154',NULL,'AVAILABLE','FRONTEND'),(660,'10.10.40.155',NULL,'AVAILABLE','FRONTEND'),(661,'10.10.40.156',NULL,'AVAILABLE','FRONTEND'),(662,'10.10.40.157',NULL,'AVAILABLE','FRONTEND'),(663,'10.10.40.158',NULL,'AVAILABLE','FRONTEND'),(664,'10.10.40.159',NULL,'AVAILABLE','FRONTEND'),(665,'10.10.40.160',NULL,'AVAILABLE','FRONTEND'),(666,'10.10.40.161',NULL,'AVAILABLE','FRONTEND'),(667,'10.10.40.162',NULL,'AVAILABLE','FRONTEND'),(668,'10.10.40.163',NULL,'AVAILABLE','FRONTEND'),(669,'10.10.40.164',NULL,'AVAILABLE','FRONTEND'),(670,'10.10.40.165',NULL,'AVAILABLE','FRONTEND'),(671,'10.10.40.166',NULL,'AVAILABLE','FRONTEND'),(672,'10.10.40.167',NULL,'AVAILABLE','FRONTEND'),(673,'10.10.40.168',NULL,'AVAILABLE','FRONTEND'),(674,'10.10.40.169',NULL,'AVAILABLE','FRONTEND'),(675,'10.10.40.170',NULL,'AVAILABLE','FRONTEND'),(676,'10.10.40.171',NULL,'AVAILABLE','FRONTEND'),(677,'10.10.40.172',NULL,'AVAILABLE','FRONTEND'),(678,'10.10.40.173',NULL,'AVAILABLE','FRONTEND'),(679,'10.10.40.174',NULL,'AVAILABLE','FRONTEND'),(680,'10.10.40.175',NULL,'AVAILABLE','FRONTEND'),(681,'10.10.40.176',NULL,'AVAILABLE','FRONTEND'),(682,'10.10.40.177',NULL,'AVAILABLE','FRONTEND'),(683,'10.10.40.178',NULL,'AVAILABLE','FRONTEND'),(684,'10.10.40.179',NULL,'AVAILABLE','FRONTEND'),(685,'10.10.40.180',NULL,'AVAILABLE','FRONTEND'),(686,'10.10.40.181',NULL,'AVAILABLE','FRONTEND'),(687,'10.10.40.182',NULL,'AVAILABLE','FRONTEND'),(688,'10.10.40.183',NULL,'AVAILABLE','FRONTEND'),(689,'10.10.40.184',NULL,'AVAILABLE','FRONTEND'),(690,'10.10.40.185',NULL,'AVAILABLE','FRONTEND'),(691,'10.10.40.186',NULL,'AVAILABLE','FRONTEND'),(692,'10.10.40.187',NULL,'AVAILABLE','FRONTEND'),(693,'10.10.40.188',NULL,'AVAILABLE','FRONTEND'),(694,'10.10.40.189',NULL,'AVAILABLE','FRONTEND'),(695,'10.10.40.190',NULL,'AVAILABLE','FRONTEND'),(696,'10.10.40.191',NULL,'AVAILABLE','FRONTEND'),(697,'10.10.40.192',NULL,'AVAILABLE','FRONTEND'),(698,'10.10.40.193',NULL,'AVAILABLE','FRONTEND'),(699,'10.10.40.194',NULL,'AVAILABLE','FRONTEND'),(700,'10.10.40.195',NULL,'AVAILABLE','FRONTEND'),(701,'10.10.40.196',NULL,'AVAILABLE','FRONTEND'),(702,'10.10.40.197',NULL,'AVAILABLE','FRONTEND'),(703,'10.10.40.198',NULL,'AVAILABLE','FRONTEND'),(704,'10.10.40.199',NULL,'AVAILABLE','FRONTEND'),(705,'10.10.40.200',NULL,'AVAILABLE','FRONTEND'),(706,'10.10.40.201',NULL,'AVAILABLE','FRONTEND'),(707,'10.10.40.202',NULL,'AVAILABLE','FRONTEND'),(708,'10.10.40.203',NULL,'AVAILABLE','FRONTEND'),(709,'10.10.40.204',NULL,'AVAILABLE','FRONTEND'),(710,'10.10.40.205',NULL,'AVAILABLE','FRONTEND'),(711,'10.10.40.206',NULL,'AVAILABLE','FRONTEND'),(712,'10.10.40.207',NULL,'AVAILABLE','FRONTEND'),(713,'10.10.40.208',NULL,'AVAILABLE','FRONTEND'),(714,'10.10.40.209',NULL,'AVAILABLE','FRONTEND'),(715,'10.10.40.210',NULL,'AVAILABLE','FRONTEND'),(716,'10.10.40.211',NULL,'AVAILABLE','FRONTEND'),(717,'10.10.40.212',NULL,'AVAILABLE','FRONTEND'),(718,'10.10.40.213',NULL,'AVAILABLE','FRONTEND'),(719,'10.10.40.214',NULL,'AVAILABLE','FRONTEND'),(720,'10.10.40.215',NULL,'AVAILABLE','FRONTEND'),(721,'10.10.40.216',NULL,'AVAILABLE','FRONTEND'),(722,'10.10.40.217',NULL,'AVAILABLE','FRONTEND'),(723,'10.10.40.218',NULL,'AVAILABLE','FRONTEND'),(724,'10.10.40.219',NULL,'AVAILABLE','FRONTEND'),(725,'10.10.40.220',NULL,'AVAILABLE','FRONTEND'),(726,'10.10.40.221',NULL,'AVAILABLE','FRONTEND'),(727,'10.10.40.222',NULL,'AVAILABLE','FRONTEND'),(728,'10.10.40.223',NULL,'AVAILABLE','FRONTEND'),(729,'10.10.40.224',NULL,'AVAILABLE','FRONTEND'),(730,'10.10.40.225',NULL,'AVAILABLE','FRONTEND'),(731,'10.10.40.226',NULL,'AVAILABLE','FRONTEND'),(732,'10.10.40.227',NULL,'AVAILABLE','FRONTEND'),(733,'10.10.40.228',NULL,'AVAILABLE','FRONTEND'),(734,'10.10.40.229',NULL,'AVAILABLE','FRONTEND'),(735,'10.10.40.230',NULL,'AVAILABLE','FRONTEND'),(736,'10.10.40.231',NULL,'AVAILABLE','FRONTEND'),(737,'10.10.40.232',NULL,'AVAILABLE','FRONTEND'),(738,'10.10.40.233',NULL,'AVAILABLE','FRONTEND'),(739,'10.10.40.234',NULL,'AVAILABLE','FRONTEND'),(740,'10.10.40.235',NULL,'AVAILABLE','FRONTEND'),(741,'10.10.40.236',NULL,'AVAILABLE','FRONTEND'),(742,'10.10.40.237',NULL,'AVAILABLE','FRONTEND'),(743,'10.10.40.238',NULL,'AVAILABLE','FRONTEND'),(744,'10.10.40.239',NULL,'AVAILABLE','FRONTEND'),(745,'10.10.40.240',NULL,'AVAILABLE','FRONTEND'),(746,'10.10.40.241',NULL,'AVAILABLE','FRONTEND'),(747,'10.10.40.242',NULL,'AVAILABLE','FRONTEND'),(748,'10.10.40.243',NULL,'AVAILABLE','FRONTEND'),(749,'10.10.40.244',NULL,'AVAILABLE','FRONTEND'),(750,'10.10.40.245',NULL,'AVAILABLE','FRONTEND'),(751,'10.10.40.246',NULL,'AVAILABLE','FRONTEND'),(752,'10.10.40.247',NULL,'AVAILABLE','FRONTEND'),(753,'10.10.40.248',NULL,'AVAILABLE','FRONTEND'),(754,'10.10.40.249',NULL,'AVAILABLE','FRONTEND'),(755,'10.10.40.250',NULL,'AVAILABLE','FRONTEND'),(756,'10.10.40.251',NULL,'AVAILABLE','FRONTEND'),(757,'10.10.40.252',NULL,'AVAILABLE','FRONTEND'),(758,'10.10.40.253',NULL,'AVAILABLE','FRONTEND'),(759,'10.10.40.254',NULL,'AVAILABLE','FRONTEND');
/*!40000 ALTER TABLE `ipaddress` ENABLE KEYS */;
UNLOCK TABLES;

--
-- Table structure for table `logvm`
--

DROP TABLE IF EXISTS `logvm`;
/*!40101 SET @saved_cs_client     = @@character_set_client */;
/*!50503 SET character_set_client = utf8mb4 */;
CREATE TABLE `logvm` (
  `id` int NOT NULL AUTO_INCREMENT,
  `user` varchar(191) COLLATE utf8mb4_unicode_ci NOT NULL,
  `activity` enum('PowerOff','PowerOn','Restart','Console','IPSync') COLLATE utf8mb4_unicode_ci NOT NULL,
  `vmid` int NOT NULL,
  `tujuan` varchar(191) COLLATE utf8mb4_unicode_ci DEFAULT NULL,
  `tanggal_activity` datetime(3) NOT NULL DEFAULT CURRENT_TIMESTAMP(3),
  `divisi` varchar(191) COLLATE utf8mb4_unicode_ci NOT NULL,
  PRIMARY KEY (`id`)
) ENGINE=InnoDB AUTO_INCREMENT=390 DEFAULT CHARSET=utf8mb4 COLLATE=utf8mb4_unicode_ci;
/*!40101 SET character_set_client = @saved_cs_client */;

--
-- Dumping data for table `logvm`
--

LOCK TABLES `logvm` WRITE;
/*!40000 ALTER TABLE `logvm` DISABLE KEYS */;
INSERT INTO `logvm` VALUES (1,'20220662','Console',102,'','2024-11-13 08:58:50.081','IT-Infra'),(2,'20220662','Console',101,'','2024-11-13 08:59:21.651','IT-Infra'),(3,'20230493','Console',105,'','2024-11-13 13:11:27.768','IT-Infra'),(4,'20230493','IPSync',105,NULL,'2024-11-13 13:13:09.073','IT-Infra'),(5,'20230493','Console',105,'','2024-11-13 13:13:13.843','IT-Infra'),(6,'20230493','Console',105,'','2024-11-13 13:28:44.781','IT-Infra'),(7,'20230493','Console',102,'','2024-11-20 02:31:41.774','IT-Infra'),(8,'20230493','Console',102,'','2024-11-20 02:36:32.428','IT-Infra'),(9,'20230493','Console',103,'','2024-11-20 09:45:16.156','IT-Infra'),(10,'20230493','IPSync',103,NULL,'2024-11-20 09:46:15.167','IT-Infra'),(11,'20230493','Console',103,'','2024-11-20 09:46:20.114','IT-Infra'),(12,'20230493','Console',105,'','2024-11-21 03:43:43.102','IT-Infra'),(13,'20140642','IPSync',105,NULL,'2024-11-21 03:44:49.009','IT-Infra'),(14,'20140642','Console',105,'','2024-11-21 03:45:46.257','IT-Infra'),(15,'20140642','Console',105,'','2024-11-21 03:51:35.968','IT-Infra'),(16,'20140642','IPSync',105,NULL,'2024-11-21 04:06:44.526','IT-Infra'),(17,'20140642','IPSync',106,NULL,'2024-11-21 04:07:01.641','IT-Infra'),(18,'20140642','IPSync',107,NULL,'2024-11-21 04:07:13.529','IT-Infra'),(19,'20140642','Console',107,'','2024-11-21 04:24:01.644','IT-Infra'),(20,'20230493','Console',105,'','2024-11-21 06:32:14.761','IT-Infra'),(21,'20230493','Console',103,'','2024-11-22 02:41:03.610','IT-Infra'),(22,'20230493','Console',103,'','2024-11-22 02:41:04.399','IT-Infra'),(23,'20230493','Console',105,'','2024-11-22 02:41:15.223','IT-Infra'),(24,'20230493','Console',103,'','2024-11-22 02:43:11.628','IT-Infra'),(25,'20140642','Console',105,'','2024-11-22 03:11:56.119','IT-Infra'),(26,'20140642','Console',105,'','2024-11-22 03:11:58.193','IT-Infra'),(27,'20140642','IPSync',105,NULL,'2024-11-22 03:12:17.845','IT-Infra'),(28,'20140642','Console',105,'','2024-11-22 03:12:27.075','IT-Infra'),(29,'20140642','Console',105,'','2024-11-22 03:28:52.763','IT-Infra'),(30,'20140642','IPSync',105,NULL,'2024-11-22 03:29:53.340','IT-Infra'),(31,'20140642','IPSync',105,NULL,'2024-11-22 03:30:32.742','IT-Infra'),(32,'20140642','IPSync',105,NULL,'2024-11-22 03:30:34.046','IT-Infra'),(33,'20140642','Console',105,'','2024-11-22 03:30:45.608','IT-Infra'),(34,'20140642','IPSync',107,NULL,'2024-11-22 03:31:25.139','IT-Infra'),(35,'20140642','Console',107,'','2024-11-22 03:31:34.593','IT-Infra'),(36,'20230493','Console',105,'','2024-11-25 03:24:14.096','IT-Infra'),(37,'20231018','Console',101,'','2024-11-25 09:12:04.389','IT-ES'),(38,'20231018','Console',101,'','2024-11-25 09:38:03.076','IT-ES'),(39,'20231018','Console',101,'','2024-11-25 09:38:04.948','IT-ES'),(40,'20231018','Console',101,'','2024-11-25 09:38:31.048','IT-ES'),(41,'20231018','Console',108,'','2024-11-25 09:39:03.211','IT-ES'),(42,'20231018','Console',101,'','2024-11-25 09:39:23.410','IT-ES'),(43,'20231018','Console',101,'','2024-11-25 09:40:27.965','IT-ES'),(44,'20231018','Console',101,'','2024-11-25 09:42:43.850','IT-ES'),(45,'20231018','Console',108,'','2024-11-25 09:42:50.501','IT-ES'),(46,'20231018','Console',108,'','2024-11-25 09:42:57.602','IT-ES'),(47,'20231018','Console',101,'','2024-11-25 09:59:26.630','IT-ES'),(48,'20231018','Console',101,'','2024-11-25 09:59:28.919','IT-ES'),(49,'20231018','Console',108,'','2024-11-25 09:59:59.462','IT-ES'),(50,'20231018','Console',101,'','2024-11-25 10:00:56.369','IT-ES'),(51,'20231018','Console',108,'','2024-11-25 10:01:31.580','IT-ES'),(52,'20230493','Console',103,'','2024-11-25 10:01:32.620','IT-Infra'),(53,'20230493','Console',102,'','2024-11-25 10:02:48.607','IT-Infra'),(54,'20231018','Console',101,'','2024-11-25 10:08:02.640','IT-ES'),(55,'20231018','Console',101,'','2024-11-25 10:08:04.165','IT-ES'),(56,'20231018','Console',101,'','2024-11-25 10:14:26.406','IT-ES'),(57,'20231018','Console',101,'','2024-11-25 10:15:07.789','IT-ES'),(58,'20231018','Console',108,'','2024-11-25 10:15:15.567','IT-ES'),(59,'20231018','Console',108,'','2024-11-25 10:15:33.179','IT-ES'),(60,'20231018','Console',101,'','2024-11-25 10:18:04.533','IT-ES'),(61,'20231018','Console',108,'','2024-11-25 10:18:27.631','IT-ES'),(62,'20231018','Console',108,'','2024-11-25 10:18:59.367','IT-ES'),(63,'20231018','Console',101,'','2024-11-25 10:20:08.691','IT-ES'),(64,'20231018','Console',101,'','2024-11-25 10:20:17.635','IT-ES'),(65,'20231018','Console',108,'','2024-11-25 10:20:54.503','IT-ES'),(66,'20231018','Console',101,'','2024-11-25 10:21:13.750','IT-ES'),(67,'20231018','Console',108,'','2024-11-25 10:21:49.707','IT-ES'),(68,'20231018','Console',101,'','2024-11-25 10:23:55.949','IT-ES'),(69,'20231018','Console',108,'','2024-11-25 10:24:13.805','IT-ES'),(70,'20231018','Console',108,'','2024-11-25 10:37:22.205','IT-ES'),(71,'20231018','Console',108,'','2024-11-25 10:37:24.306','IT-ES'),(72,'20231018','Console',101,'','2024-11-25 10:44:41.776','IT-ES'),(73,'20231018','Console',101,'','2024-11-25 10:44:43.287','IT-ES'),(74,'20231018','Console',101,'','2024-11-25 10:44:47.280','IT-ES'),(75,'20231018','Console',101,'','2024-11-25 10:47:05.365','IT-ES'),(76,'20231018','Console',101,'','2024-11-25 10:47:30.082','IT-ES'),(77,'20231018','Console',108,'','2024-11-25 10:47:45.354','IT-ES'),(78,'20231018','Console',108,'','2024-11-25 11:10:46.753','IT-ES'),(79,'20231018','Console',108,'','2024-11-25 11:10:48.026','IT-ES'),(80,'20231018','Console',101,'','2024-11-25 11:17:57.363','IT-ES'),(81,'20231018','Console',101,'','2024-11-25 11:17:58.726','IT-ES'),(82,'20231018','Console',101,'','2024-11-25 11:17:59.264','IT-ES'),(83,'20231018','Console',108,'','2024-11-25 11:18:03.804','IT-ES'),(84,'20231018','Console',108,'','2024-11-25 11:19:34.252','IT-ES'),(85,'20231018','Console',101,'','2024-11-25 11:19:37.493','IT-ES'),(86,'20231018','Console',101,'','2024-11-25 11:19:55.489','IT-ES'),(87,'20231018','Console',101,'','2024-11-26 06:31:59.690','IT-ES'),(88,'20231018','Console',101,'','2024-11-26 06:32:01.516','IT-ES'),(89,'20231018','Console',108,'','2024-11-26 06:32:18.382','IT-ES'),(90,'20231018','Console',101,'','2024-11-26 07:02:37.968','IT-ES'),(91,'20231018','Console',101,'','2024-11-26 07:02:39.240','IT-ES'),(92,'20231018','Console',108,'','2024-11-26 07:02:43.063','IT-ES'),(93,'20231018','Console',108,'','2024-11-26 10:11:48.983','IT-ES'),(94,'20231018','Console',108,'','2024-11-26 10:11:50.114','IT-ES'),(95,'20231018','Console',101,'','2024-11-26 10:41:06.925','IT-ES'),(96,'20231018','Console',101,'','2024-11-26 10:41:07.891','IT-ES'),(97,'20231018','Console',108,'','2024-11-26 10:41:26.565','IT-ES'),(98,'20231018','Console',101,'','2024-11-26 10:41:35.828','IT-ES'),(99,'20231018','Console',108,'','2024-11-26 11:23:23.834','IT-ES'),(100,'20231018','Console',108,'','2024-11-26 11:23:24.797','IT-ES'),(101,'20231018','Console',108,'','2024-11-26 11:23:25.003','IT-ES'),(102,'20231018','Console',108,'','2024-11-26 11:23:25.196','IT-ES'),(103,'20231018','Console',101,'','2024-11-26 11:50:58.749','IT-ES'),(104,'20231018','Console',101,'','2024-11-26 11:51:00.913','IT-ES'),(105,'20231018','Console',101,'','2024-11-26 11:50:59.606','IT-ES'),(106,'20231018','Console',108,'','2024-11-28 03:10:38.298','IT-ES'),(107,'20231018','Console',108,'','2024-11-28 03:10:39.575','IT-ES'),(108,'20231018','Console',101,'','2024-11-28 03:10:48.179','IT-ES'),(109,'20231018','Console',108,'','2024-11-28 03:35:36.845','IT-ES'),(110,'20231018','Console',101,'','2024-11-28 03:36:33.935','IT-ES'),(111,'20231018','Console',101,'','2024-11-28 07:04:54.645','IT-ES'),(112,'20231018','Console',101,'','2024-11-28 07:04:55.187','IT-ES'),(113,'20231018','Console',101,'','2024-11-28 07:04:55.915','IT-ES'),(114,'20231018','Console',108,'','2024-11-28 07:06:03.483','IT-ES'),(115,'20231018','Console',108,'','2024-11-28 07:12:30.045','IT-ES'),(116,'20231018','Console',108,'','2024-11-28 07:12:30.716','IT-ES'),(117,'20231018','Console',108,'','2024-11-28 07:12:31.953','IT-ES'),(118,'20231018','Console',108,'','2024-11-28 07:12:32.044','IT-ES'),(119,'20231018','Console',108,'','2024-11-28 07:38:32.954','IT-ES'),(120,'20231018','Console',108,'','2024-11-28 07:38:34.566','IT-ES'),(121,'20231018','Console',108,'','2024-11-28 08:18:45.103','IT-ES'),(122,'20231018','Console',108,'','2024-11-28 09:55:00.920','IT-ES'),(123,'20231018','Console',108,'','2024-11-28 09:55:02.063','IT-ES'),(124,'20231018','Console',108,'','2024-11-28 09:55:02.776','IT-ES'),(125,'20231018','Console',108,'','2024-11-28 10:38:12.442','IT-ES'),(126,'20231018','Console',108,'','2024-11-28 10:38:14.523','IT-ES'),(127,'20231018','Console',108,'','2024-11-28 10:38:13.881','IT-ES'),(128,'20231018','Console',108,'','2024-11-28 10:38:14.134','IT-ES'),(129,'20231018','Console',108,'','2024-11-28 10:38:14.335','IT-ES'),(130,'20231018','Console',108,'','2024-11-29 03:05:57.993','IT-ES'),(131,'20231018','Console',108,'','2024-11-29 03:05:59.044','IT-ES'),(132,'20231018','Console',101,'','2024-11-29 03:24:40.601','IT-ES'),(133,'20231018','Console',101,'','2024-11-29 03:24:42.814','IT-ES'),(134,'20140642','Console',105,'','2024-12-02 02:40:45.590','IT-Infra'),(135,'20140642','Console',107,'','2024-12-02 02:41:06.245','IT-Infra'),(136,'20231018','Console',101,'','2024-12-02 03:11:48.890','IT-ES'),(137,'20231018','Console',108,'','2024-12-02 03:22:07.584','IT-ES'),(138,'20231018','Console',108,'','2024-12-02 03:22:09.853','IT-ES'),(139,'20231018','Console',108,'','2024-12-02 03:22:09.971','IT-ES'),(140,'20231018','Console',108,'','2024-12-02 03:22:08.882','IT-ES'),(141,'20231018','Console',108,'','2024-12-02 03:22:09.110','IT-ES'),(142,'20231018','Console',108,'','2024-12-02 03:22:09.652','IT-ES'),(143,'20231018','Console',108,'','2024-12-02 03:22:53.603','IT-ES'),(144,'20140642','Console',105,'','2024-12-02 03:36:25.907','IT-Infra'),(145,'20140642','Console',105,'','2024-12-02 03:36:28.018','IT-Infra'),(146,'20140642','IPSync',105,NULL,'2024-12-02 03:36:50.778','IT-Infra'),(147,'20140642','Console',105,'','2024-12-02 03:37:00.392','IT-Infra'),(148,'20231018','Console',108,'','2024-12-02 03:42:42.483','IT-ES'),(149,'20231018','Console',108,'','2024-12-02 03:42:44.138','IT-ES'),(150,'20231018','Console',108,'','2024-12-02 03:42:44.354','IT-ES'),(151,'20231018','Console',108,'','2024-12-02 03:43:35.929','IT-ES'),(152,'20231018','Console',101,'','2024-12-02 03:49:24.469','IT-ES'),(153,'20231018','Console',101,'','2024-12-02 03:49:26.675','IT-ES'),(154,'20231018','Console',101,'','2024-12-02 03:49:25.446','IT-ES'),(155,'20231018','Console',101,'','2024-12-02 03:49:25.625','IT-ES'),(156,'20231018','Console',108,'','2024-12-02 03:53:26.290','IT-ES'),(157,'20231018','Console',108,'','2024-12-02 04:07:22.999','IT-ES'),(158,'20231018','Console',108,'','2024-12-03 02:59:13.506','IT-ES'),(159,'20231018','Console',108,'','2024-12-03 02:59:28.949','IT-ES'),(160,'20231018','Console',108,'','2024-12-03 06:35:53.266','IT-ES'),(161,'20231018','Console',108,'','2024-12-03 06:35:55.438','IT-ES'),(162,'20231018','Console',108,'','2024-12-03 06:37:33.402','IT-ES'),(163,'20231018','Console',108,'','2024-12-03 06:47:02.668','IT-ES'),(164,'20231018','Console',108,'','2024-12-03 06:47:04.582','IT-ES'),(165,'20231018','Console',108,'','2024-12-03 07:47:11.150','IT-ES'),(166,'20231018','Console',108,'','2024-12-03 07:47:12.309','IT-ES'),(167,'20231018','Console',108,'','2024-12-04 02:42:53.838','IT-ES'),(168,'20231018','Console',101,'','2024-12-04 02:52:37.804','IT-ES'),(169,'20231018','Console',108,'','2024-12-04 03:01:09.693','IT-ES'),(170,'20231018','Console',108,'','2024-12-04 03:01:11.472','IT-ES'),(171,'20231018','Console',108,'','2024-12-04 03:31:46.087','IT-ES'),(172,'20231018','Console',108,'','2024-12-04 03:31:48.257','IT-ES'),(173,'20231018','Console',108,'','2024-12-04 03:31:47.298','IT-ES'),(174,'20231018','Console',108,'','2024-12-04 03:31:47.797','IT-ES'),(175,'20231018','Console',108,'','2024-12-04 03:31:48.012','IT-ES'),(176,'20231018','Console',108,'','2024-12-04 03:32:09.646','IT-ES'),(177,'20231018','Console',108,'','2024-12-04 03:59:54.273','IT-ES'),(178,'20231018','Console',108,'','2024-12-04 03:59:56.475','IT-ES'),(179,'20231018','Console',108,'','2024-12-04 03:59:56.636','IT-ES'),(180,'20231018','Console',108,'','2024-12-04 03:59:55.159','IT-ES'),(181,'20231018','Console',108,'','2024-12-04 03:59:56.105','IT-ES'),(182,'20140642','IPSync',105,NULL,'2024-12-04 06:57:00.910','IT-Infra'),(183,'20140642','Console',107,'','2024-12-04 06:57:46.404','IT-Infra'),(184,'20140642','IPSync',107,NULL,'2024-12-04 07:00:12.997','IT-Infra'),(185,'20140642','Console',107,'','2024-12-04 07:00:24.283','IT-Infra'),(186,'20140642','Console',107,'','2024-12-04 07:01:42.150','IT-Infra'),(187,'20140642','Console',107,'','2024-12-04 07:02:47.455','IT-Infra'),(188,'20230493','Console',107,'','2024-12-04 07:11:57.057','IT-Infra'),(189,'20230493','Console',107,'','2024-12-04 07:12:24.867','IT-Infra'),(190,'20230493','Console',105,'','2024-12-04 07:13:01.302','IT-Infra'),(191,'20230493','Console',107,'','2024-12-04 07:13:23.830','IT-Infra'),(192,'20230493','IPSync',107,NULL,'2024-12-04 07:15:52.635','IT-Infra'),(193,'20140642','Console',107,'','2024-12-04 07:27:05.753','IT-Infra'),(194,'20230493','Console',107,'','2024-12-04 08:08:46.144','IT-Infra'),(195,'20140642','Console',105,'','2024-12-04 08:51:28.611','IT-Infra'),(196,'20140642','Console',105,'','2024-12-04 08:54:16.641','IT-Infra'),(197,'20140642','Console',107,'','2024-12-04 08:54:22.292','IT-Infra'),(198,'20140642','Restart',105,'','2024-12-04 09:23:28.015','IT-Infra'),(199,'20140642','Restart',106,'','2024-12-04 09:23:41.048','IT-Infra'),(200,'20140642','Console',106,'','2024-12-04 09:23:53.915','IT-Infra'),(201,'20140642','Console',107,'','2024-12-04 09:32:18.945','IT-Infra'),(202,'20140642','Console',105,'','2024-12-04 09:49:02.113','IT-Infra'),(203,'20231018','Console',108,'','2024-12-04 10:00:26.404','IT-ES'),(204,'20230493','IPSync',107,NULL,'2024-12-05 04:57:33.363','IT-Infra'),(205,'20230493','IPSync',107,NULL,'2024-12-05 04:58:10.751','IT-Infra'),(206,'20230493','Console',107,'','2024-12-05 05:00:00.984','IT-Infra'),(207,'20230493','Console',107,'','2024-12-05 05:01:00.754','IT-Infra'),(208,'20230493','Console',106,'','2024-12-05 06:39:39.953','IT-Infra'),(209,'20230493','Console',106,'','2024-12-05 06:46:22.538','IT-Infra'),(210,'20231018','Console',108,'','2024-12-05 06:47:09.834','IT-ES'),(211,'20140642','Console',107,'','2024-12-05 06:47:19.766','IT-Infra'),(212,'20140642','Console',107,'','2024-12-05 06:47:52.052','IT-Infra'),(213,'20140642','Console',107,'','2024-12-05 06:49:04.137','IT-Infra'),(214,'20140642','Console',106,'','2024-12-05 06:49:09.596','IT-Infra'),(215,'20140642','Console',105,'','2024-12-05 06:51:28.574','IT-Infra'),(216,'20140642','Console',107,'','2024-12-05 06:51:43.775','IT-Infra'),(217,'20231018','Console',108,'','2024-12-05 07:46:00.136','IT-ES'),(218,'20180844','Console',110,'','2024-12-11 06:13:20.701','IT-Infra'),(219,'20210211','Console',110,'','2024-12-11 06:16:10.121','IT-Maintenance'),(220,'20210211','Console',110,'','2024-12-11 06:16:16.697','IT-Maintenance'),(221,'20230493','Console',109,'','2024-12-13 02:52:49.314','IT-Infra'),(222,'20210211','IPSync',110,NULL,'2024-12-13 02:54:35.842','IT-Maintenance'),(223,'20210211','Console',110,'','2024-12-13 02:54:43.024','IT-Maintenance'),(224,'20230493','Console',109,'','2024-12-13 02:55:59.485','IT-Infra'),(225,'20230493','IPSync',109,NULL,'2024-12-13 02:56:24.978','IT-Infra'),(226,'20210211','Console',110,'','2024-12-13 03:13:57.562','IT-Maintenance'),(227,'20210211','Console',110,'','2024-12-13 03:21:09.489','IT-Maintenance'),(228,'20210211','Console',110,'','2024-12-13 03:24:59.248','IT-Maintenance'),(229,'20210211','Console',110,'','2024-12-13 03:31:06.205','IT-Maintenance'),(230,'20210211','IPSync',111,NULL,'2024-12-13 04:00:27.326','IT-Maintenance'),(231,'20210211','IPSync',111,NULL,'2024-12-13 04:00:50.790','IT-Maintenance'),(232,'20210211','Console',111,'','2024-12-13 04:01:01.415','IT-Maintenance'),(233,'20230493','Console',109,'','2024-12-13 05:52:52.526','IT-Infra'),(234,'20210211','Restart',111,'tambah disk','2024-12-13 06:38:28.153','IT-Maintenance'),(235,'20210211','Console',111,'','2024-12-13 06:38:36.587','IT-Maintenance'),(236,'20210211','Console',111,'','2024-12-13 06:48:28.595','IT-Maintenance'),(237,'why','PowerOff',109,'','2024-12-13 10:10:19.436','IT-Infra'),(238,'20230493','IPSync',109,NULL,'2024-12-13 13:38:03.088','IT-Infra'),(239,'20230493','Console',109,'','2024-12-13 17:09:15.712','IT-Infra'),(240,'20230493','Console',109,'','2024-12-13 17:09:34.280','IT-Infra'),(241,'20230493','Console',109,'','2024-12-14 04:58:27.511','IT-Infra'),(242,'20230493','IPSync',113,NULL,'2024-12-14 04:59:00.049','IT-Infra'),(243,'20230493','Console',113,'','2024-12-14 04:59:26.230','IT-Infra'),(244,'20230493','Restart',109,'','2024-12-14 05:12:01.092','IT-Infra'),(245,'20230493','Console',113,'','2024-12-14 05:12:27.965','IT-Infra'),(246,'20230493','Console',109,'','2024-12-14 05:12:44.297','IT-Infra'),(247,'20230493','IPSync',109,NULL,'2024-12-14 05:14:58.369','IT-Infra'),(248,'20230493','PowerOff',102,'','2024-12-14 13:45:23.000','IT-Infra'),(249,'20230493','PowerOff',103,'','2024-12-14 13:45:32.851','IT-Infra'),(250,'20230493','IPSync',102,NULL,'2024-12-15 12:53:48.432','IT-Infra'),(251,'20230493','Console',102,'','2024-12-15 12:53:54.363','IT-Infra'),(252,'why','IPSync',102,NULL,'2024-12-15 12:59:36.367','IT-Infra'),(253,'20230493','Console',102,'','2024-12-15 13:00:31.924','IT-Infra'),(254,'20230493','Console',102,'','2024-12-15 13:44:34.348','IT-Infra'),(255,'20230493','PowerOff',113,'','2024-12-15 14:18:34.626','IT-Infra'),(256,'20230493','PowerOn',113,'','2024-12-16 02:07:05.198','IT-Infra'),(257,'20230493','Console',113,'','2024-12-16 02:07:31.574','IT-Infra'),(258,'20230493','Console',113,'','2024-12-16 03:29:24.268','IT-Infra'),(259,'20230493','Console',113,'','2024-12-16 03:29:31.996','IT-Infra'),(260,'20230493','Console',113,'','2024-12-16 03:29:50.614','IT-Infra'),(261,'20230493','Console',109,'','2024-12-16 03:30:03.957','IT-Infra'),(262,'20230493','Console',102,'','2024-12-16 03:34:25.397','IT-Infra'),(263,'20230493','Console',103,'','2024-12-16 03:37:37.723','IT-Infra'),(264,'20230493','Console',103,'','2024-12-16 03:38:13.026','IT-Infra'),(265,'20230493','Console',103,'','2024-12-16 03:39:12.043','IT-Infra'),(266,'20230493','Console',105,'','2024-12-16 03:39:16.365','IT-Infra'),(267,'20230493','Console',109,'','2024-12-16 03:45:54.096','IT-Infra'),(268,'20230493','Console',102,'','2024-12-16 03:50:38.636','IT-Infra'),(269,'20231018','Console',108,'','2024-12-16 03:50:48.976','IT-ES'),(270,'20230493','Console',113,'','2024-12-16 04:12:38.026','IT-Infra'),(271,'20230493','Console',113,'','2024-12-16 04:12:53.188','IT-Infra'),(272,'20230493','Console',113,'','2024-12-16 04:26:34.349','IT-Infra'),(273,'20230493','Console',109,'','2024-12-16 04:27:51.128','IT-Infra'),(274,'20230493','Console',105,'','2024-12-16 04:35:01.929','IT-Infra'),(275,'20230493','Console',109,'','2024-12-16 04:39:04.264','IT-Infra'),(276,'20230493','Console',113,'','2024-12-16 04:46:02.058','IT-Infra'),(277,'20230493','Console',109,'','2024-12-16 04:46:34.326','IT-Infra'),(278,'20230493','Console',106,'','2024-12-16 04:46:55.961','IT-Infra'),(279,'20230493','Console',106,'','2024-12-16 04:50:07.486','IT-Infra'),(280,'20230493','Console',105,'','2024-12-16 04:55:14.900','IT-Infra'),(281,'20230493','Console',103,'','2024-12-16 04:56:00.572','IT-Infra'),(282,'20230493','Console',113,'','2024-12-16 06:57:41.842','IT-Infra'),(283,'20230493','Console',103,'','2024-12-16 07:01:00.302','IT-Infra'),(284,'20230493','Console',113,'','2024-12-16 07:05:21.507','IT-Infra'),(285,'20230493','Console',109,'','2024-12-16 07:12:33.964','IT-Infra'),(286,'20230493','Console',105,'','2024-12-16 07:21:03.895','IT-Infra'),(287,'admin','Console',1006,'','2024-12-16 07:22:56.558','IT-Infra'),(288,'20230493','Console',113,'','2024-12-16 08:06:06.815','IT-Infra'),(289,'20230493','Console',103,'','2024-12-16 08:09:04.595','IT-Infra'),(290,'20230493','Console',103,'','2024-12-16 08:21:12.832','IT-Infra'),(291,'20230493','Console',105,'','2024-12-16 08:21:34.953','IT-Infra'),(292,'20230493','Console',113,'','2024-12-16 09:24:56.436','IT-Infra'),(293,'20230493','Console',113,'','2024-12-16 09:26:10.978','IT-Infra'),(294,'20230493','Console',113,'','2024-12-16 09:26:47.352','IT-Infra'),(295,'20230493','Console',113,'','2024-12-16 09:30:14.491','IT-Infra'),(296,'20230493','Console',113,'','2024-12-16 09:31:17.440','IT-Infra'),(297,'20230493','Console',113,'','2024-12-16 09:32:38.727','IT-Infra'),(298,'20230493','Console',105,'','2024-12-16 09:32:48.306','IT-Infra'),(299,'20230493','Console',113,'','2024-12-16 09:34:10.410','IT-Infra'),(300,'20230493','Console',103,'','2024-12-16 09:38:34.975','IT-Infra'),(301,'20230493','Console',105,'','2024-12-16 09:38:50.466','IT-Infra'),(302,'20230493','Console',113,'','2024-12-16 09:39:28.909','IT-Infra'),(303,'20230493','Console',113,'','2024-12-16 09:39:34.558','IT-Infra'),(304,'20230493','Console',105,'','2024-12-16 09:39:49.500','IT-Infra'),(305,'20220662','Console',102,'','2024-12-16 09:40:35.357','IT-Infra'),(306,'20220662','Console',107,'','2024-12-16 09:41:17.483','IT-Infra'),(307,'20220662','Console',107,'','2024-12-16 09:41:40.318','IT-Infra'),(308,'20231018','Console',108,'','2024-12-16 09:41:51.725','IT-ES'),(309,'20231018','Console',101,'','2024-12-16 09:42:25.878','IT-ES'),(310,'20230493','Console',113,'','2024-12-16 09:42:25.898','IT-Infra'),(311,'20231018','Console',101,'','2024-12-16 09:42:48.216','IT-ES'),(312,'20220662','Console',105,'','2024-12-16 09:42:59.083','IT-Infra'),(313,'20230493','Console',106,'','2024-12-16 09:43:11.075','IT-Infra'),(314,'20220662','Console',103,'','2024-12-16 09:43:39.928','IT-Infra'),(315,'20230493','Console',105,'','2024-12-16 09:43:42.423','IT-Infra'),(316,'20230493','Console',105,'','2024-12-16 09:43:48.145','IT-Infra'),(317,'20230493','Console',105,'','2024-12-16 09:44:01.077','IT-Infra'),(318,'20230493','Console',105,'','2024-12-16 09:45:22.497','IT-Infra'),(319,'20220662','Console',103,'','2024-12-16 09:46:05.077','IT-Infra'),(320,'20230493','Console',105,'','2024-12-16 09:47:17.205','IT-Infra'),(321,'20230493','Console',105,'','2024-12-16 09:50:35.239','IT-Infra'),(322,'20210211','Console',111,'','2024-12-19 03:01:02.719','IT-Maintenance'),(323,'20210211','Console',111,'','2024-12-19 04:19:50.800','IT-Maintenance'),(324,'20210211','Console',111,'','2024-12-19 04:27:54.718','IT-Maintenance'),(325,'20210211','Console',111,'','2024-12-19 04:29:54.067','IT-Maintenance'),(326,'20210211','Console',111,'','2024-12-19 04:48:16.864','IT-Maintenance'),(327,'20210211','Console',111,'','2024-12-19 06:27:16.302','IT-Maintenance'),(328,'20210211','Console',111,'','2024-12-19 06:27:22.325','IT-Maintenance'),(329,'20210211','Console',111,'','2024-12-19 07:10:53.634','IT-Maintenance'),(330,'20210211','Console',111,'','2024-12-19 07:14:14.635','IT-Maintenance'),(331,'20210211','Console',111,'','2024-12-19 07:23:12.939','IT-Maintenance'),(332,'20210211','IPSync',111,NULL,'2024-12-19 07:24:34.617','IT-Maintenance'),(333,'20210211','Console',111,'','2024-12-19 07:25:13.195','IT-Maintenance'),(334,'20180844','Console',111,'','2024-12-19 07:35:43.537','IT-Infra'),(335,'20180844','Console',111,'','2024-12-19 07:37:16.148','IT-Infra'),(336,'20180844','Console',111,'','2024-12-19 07:39:39.045','IT-Infra'),(337,'20230493','Console',102,'','2024-12-19 07:40:41.768','IT-Infra'),(338,'20180844','Console',111,'','2024-12-19 07:43:08.046','IT-Infra'),(339,'20180844','Console',111,'','2024-12-19 07:52:16.191','IT-Infra'),(340,'20180844','Console',111,'','2024-12-19 07:52:17.839','IT-Infra'),(341,'20180844','Console',111,'','2024-12-19 07:54:32.967','IT-Infra'),(342,'20180844','Console',111,'','2024-12-19 10:13:41.546','IT-Infra'),(343,'20180844','Console',111,'','2024-12-19 10:13:43.154','IT-Infra'),(344,'20180844','Console',111,'','2024-12-19 10:14:32.732','IT-Infra'),(345,'20210211','Console',111,'','2024-12-19 10:36:24.102','IT-Maintenance'),(346,'20210211','Console',111,'','2024-12-19 10:41:27.912','IT-Maintenance'),(347,'20210211','Console',111,'','2024-12-19 10:41:41.493','IT-Maintenance'),(348,'20210211','Console',110,'','2024-12-19 10:55:18.516','IT-Maintenance'),(349,'20210211','Console',111,'','2024-12-20 03:17:32.864','IT-Maintenance'),(350,'20210211','Console',110,'','2024-12-20 03:25:56.755','IT-Maintenance'),(351,'20210211','Console',110,'','2024-12-20 03:31:50.330','IT-Maintenance'),(352,'20210211','Console',110,'','2024-12-20 03:32:14.868','IT-Maintenance'),(353,'20210211','Console',110,'','2024-12-20 03:33:15.587','IT-Maintenance'),(354,'20210211','Console',110,'','2024-12-20 03:33:59.666','IT-Maintenance'),(355,'20230493','Console',113,'','2024-12-23 13:12:06.677','IT-Infra'),(356,'20210214','Console',114,'','2024-12-24 03:58:34.861','IT-Middleware'),(357,'20210214','IPSync',114,NULL,'2024-12-24 04:00:21.015','IT-Middleware'),(358,'20210214','IPSync',114,NULL,'2024-12-24 04:00:52.750','IT-Middleware'),(359,'20210214','IPSync',100,NULL,'2024-12-24 04:01:19.787','IT-Middleware'),(360,'20210214','IPSync',114,NULL,'2024-12-24 04:01:34.249','IT-Middleware'),(361,'20210214','Console',114,'','2024-12-24 04:01:40.029','IT-Middleware'),(362,'20210214','Console',100,'','2024-12-24 04:25:29.109','IT-Middleware'),(363,'20230493','Console',115,'','2024-12-24 09:53:04.608','IT-Infra'),(364,'20230493','IPSync',115,NULL,'2024-12-24 09:53:59.574','IT-Infra'),(365,'20230493','Console',115,'','2024-12-24 09:54:26.803','IT-Infra'),(366,'20230493','IPSync',116,NULL,'2024-12-24 14:44:30.669','IT-Infra'),(367,'20230493','IPSync',116,NULL,'2024-12-24 14:45:04.351','IT-Infra'),(368,'20230493','Console',116,'','2024-12-24 14:45:11.040','IT-Infra'),(369,'20230493','PowerOff',117,'','2024-12-26 03:32:01.804','IT-Infra'),(370,'20231018','Console',108,'','2024-12-27 03:06:30.795','IT-ES'),(371,'20231018','Console',101,'','2024-12-27 03:06:47.969','IT-ES'),(372,'20231018','Console',108,'','2024-12-27 03:09:15.996','IT-ES'),(373,'20231018','Console',108,'','2024-12-27 03:11:07.233','IT-ES'),(374,'20231018','Console',108,'','2024-12-27 03:14:00.625','IT-ES'),(375,'20231018','Console',108,'','2024-12-27 03:19:05.184','IT-ES'),(376,'20231018','Console',108,'','2024-12-27 03:19:38.611','IT-ES'),(377,'20231018','Console',108,'','2024-12-27 03:19:58.719','IT-ES'),(378,'20231018','Console',108,'','2024-12-27 03:25:16.472','IT-ES'),(379,'20231018','Console',108,'','2024-12-27 10:43:26.255','IT-ES'),(380,'20231018','Console',108,'','2024-12-27 10:44:13.131','IT-ES'),(381,'20231018','Console',108,'','2024-12-27 10:44:33.563','IT-ES'),(382,'20231018','Console',108,'','2024-12-30 03:13:08.287','IT-ES'),(383,'20231018','Console',108,'','2024-12-30 03:13:15.034','IT-ES'),(384,'20231018','Console',108,'','2024-12-30 03:13:48.181','IT-ES'),(385,'20231018','Console',108,'','2024-12-30 03:14:39.273','IT-ES'),(386,'20231018','Console',108,'','2024-12-30 06:16:34.656','IT-ES'),(387,'20231018','Console',108,'','2024-12-30 06:16:45.161','IT-ES'),(388,'20231018','Console',108,'','2024-12-30 06:28:47.209','IT-ES'),(389,'why','PowerOff',103,'','2025-01-01 03:07:38.814','IT-Infra');
/*!40000 ALTER TABLE `logvm` ENABLE KEYS */;
UNLOCK TABLES;

--
-- Table structure for table `pengajuan`
--

DROP TABLE IF EXISTS `pengajuan`;
/*!40101 SET @saved_cs_client     = @@character_set_client */;
/*!50503 SET character_set_client = utf8mb4 */;
CREATE TABLE `pengajuan` (
  `id` int NOT NULL AUTO_INCREMENT,
  `id_template` int NOT NULL,
  `cpu` int DEFAULT NULL,
  `ram` int DEFAULT NULL,
  `storage` int DEFAULT NULL,
  `segment` varchar(191) COLLATE utf8mb4_unicode_ci DEFAULT NULL,
  `status_pengajuan` varchar(191) COLLATE utf8mb4_unicode_ci NOT NULL,
  `nama_aplikasi` varchar(191) COLLATE utf8mb4_unicode_ci NOT NULL,
  `tanggal_pengajuan` datetime(3) NOT NULL DEFAULT CURRENT_TIMESTAMP(3),
  `tanggal_perubahan` datetime(3) NOT NULL,
  `tujuan_pengajuan` varchar(191) COLLATE utf8mb4_unicode_ci NOT NULL,
  `jenis_pengajuan` enum('New','Existing','Delete','Perubahan') COLLATE utf8mb4_unicode_ci NOT NULL,
  `vmid` int DEFAULT NULL,
  `nodes` varchar(191) COLLATE utf8mb4_unicode_ci DEFAULT NULL,
  `nama_baru` varchar(191) COLLATE utf8mb4_unicode_ci DEFAULT NULL,
  `vmid_old` int DEFAULT NULL,
  `user` varchar(191) COLLATE utf8mb4_unicode_ci NOT NULL,
  `divisi` varchar(191) COLLATE utf8mb4_unicode_ci NOT NULL,
  PRIMARY KEY (`id`),
  KEY `Pengajuan_id_template_fkey` (`id_template`),
  CONSTRAINT `Pengajuan_id_template_fkey` FOREIGN KEY (`id_template`) REFERENCES `templates` (`id`) ON DELETE RESTRICT ON UPDATE CASCADE
) ENGINE=InnoDB AUTO_INCREMENT=46 DEFAULT CHARSET=utf8mb4 COLLATE=utf8mb4_unicode_ci;
/*!40101 SET character_set_client = @saved_cs_client */;

--
-- Dumping data for table `pengajuan`
--

LOCK TABLES `pengajuan` WRITE;
/*!40000 ALTER TABLE `pengajuan` DISABLE KEYS */;
INSERT INTO `pengajuan` VALUES (1,2,6,16384,100,'internal','Selesai','Ledakan','2024-11-13 08:57:10.865','2024-11-13 09:27:47.911','','New',105,'','',NULL,'20230493','IT-Infra'),(2,4,6,8192,100,'internal','Selesai','SIPP','2024-11-19 11:49:48.762','2024-11-19 12:48:43.450','','New',102,'','',NULL,'20230493','IT-Infra'),(3,2,4,8192,50,'backend','Selesai','Gluster','2024-11-20 03:23:15.984','2024-11-20 03:55:09.097','test doang','New',103,'','',NULL,'20230493','IT-Infra'),(4,2,4,8192,40,'backend','Selesai','Gluster','2024-11-20 09:07:43.918','2024-11-20 09:08:52.421','delete','Delete',103,'192-168-1-236','',NULL,'20230493','IT-Infra'),(5,2,8,16384,50,'internal','Selesai','Kubernetes','2024-11-20 09:08:09.756','2024-11-20 09:38:18.705','','New',103,'','',NULL,'20230493','IT-Infra'),(6,2,2,4096,50,'internal','Waiting For Dept Head','RPAInt-Linux','2024-11-20 09:36:46.604','2024-11-20 09:36:46.604','testing RPA pada Linux','New',NULL,'','',NULL,'20140642','IT-Infra'),(7,2,2,4096,50,'backend','Waiting For Dept Head','RPABE-Linux','2024-11-20 09:37:44.328','2024-11-20 09:37:44.328','Testing RPA pada Linux','New',NULL,'','',NULL,'20140642','IT-Infra'),(8,2,2,4096,50,'frontend','Waiting For Dept Head','RPAFE-Linux','2024-11-20 09:38:10.692','2024-11-20 09:38:10.692','Testing RPA pada Linux','New',NULL,'','',NULL,'20140642','IT-Infra'),(9,2,4,8192,40,'internal','Canceled','RPAFE-Linux','2024-11-21 03:04:28.192','2024-11-21 03:05:15.225','','New',NULL,'','',NULL,'20230493','IT-Infra'),(10,2,4,8192,40,'backend','Selesai','RPABE-Linux','2024-11-21 03:05:06.394','2024-11-21 03:39:57.990','','New',105,'','',NULL,'20230493','IT-Infra'),(11,2,4,8192,40,'frontend','Selesai','RPAFE-Linux','2024-11-21 03:05:42.521','2024-11-21 03:38:54.111','','New',106,'','',NULL,'20230493','IT-Infra'),(12,2,4,8192,40,'internal','Selesai','RPAInternal-Linux','2024-11-21 03:06:18.217','2024-11-21 03:38:57.591','','New',107,'','',NULL,'20230493','IT-Infra'),(13,4,10,16384,100,'internal','Canceled','GUSANWA_DATABASE','2024-11-22 03:26:34.369','2024-11-22 03:26:56.235','POC Guardium GDE dan GDP','New',NULL,'','',NULL,'20231018','IT-ES'),(14,4,6,16384,200,'internal','Selesai','DATABASE-GUSANWA','2024-11-22 03:58:29.578','2024-11-25 08:24:09.043','Database Always ON Development Server','New',108,'','',NULL,'20231018','IT-ES'),(15,4,6,16384,200,'internal','Selesai','DATABASE-GUSANWA-AON','2024-11-22 03:59:03.053','2024-11-25 08:24:16.456','Database Always ON Development Server','New',101,'','',NULL,'20231018','IT-ES'),(16,2,8,16384,100,'backend','Selesai','Docker-why','2024-12-04 09:03:06.761','2024-12-04 09:34:06.587','test nextcloud','New',109,'','',NULL,'20230493','IT-Infra'),(17,2,4,4096,50,'frontend','Selesai','DEM-DYNATRACE','2024-12-10 04:53:25.540','2024-12-10 06:44:48.382','DEM-DYNATRACE Digital Experience Monitoring POC','New',110,'','',NULL,'20210211','IT-Maintenance'),(18,2,16,32768,100,'internal','Selesai','DEM-DYNATRACE-CMS','2024-12-12 07:20:06.614','2024-12-13 03:11:23.344','CMS DEM DYNATRACE','New',111,'','',NULL,'20210211','IT-Maintenance'),(19,2,16,32768,200,'internal','Selesai','DEM-DYNATRACE-CMS','2024-12-13 04:25:25.418','2024-12-13 04:38:09.907','instalasi aplikasi','Existing',112,'192-168-1-236','DEM-DYNATRACE-CMS',111,'20210211','IT-Maintenance'),(20,2,16,32768,200,'internal','Error','DEM-DYNATRACE-CMS','2024-12-13 04:32:31.418','2024-12-13 04:37:34.432','Instalasi Aplikasi','Perubahan',111,'192-168-1-236','',NULL,'20210211','IT-Maintenance'),(21,2,8,16384,100,'backend','Selesai','Docker-why','2024-12-13 10:09:47.613','2024-12-13 10:10:23.789','rusak','Delete',109,'192-168-1-236','',NULL,'20230493','IT-Infra'),(22,2,6,16384,40,'backend','Selesai','OnlyOffice','2024-12-13 10:40:51.086','2024-12-13 11:03:02.522','','New',109,'','',NULL,'20230493','IT-Infra'),(23,2,4,4096,40,'backend','Selesai','NEXTCLOUD','2024-12-14 04:19:05.928','2024-12-14 04:41:07.657','','New',113,'','',NULL,'20230493','IT-Infra'),(24,4,6,8192,40,'internal','Selesai','SIPP','2024-12-14 13:45:05.921','2024-12-14 13:46:08.459','deleted server','Delete',102,'192-168-1-234','',NULL,'20230493','IT-Infra'),(25,2,8,16384,50,'internal','Selesai','Kubernetes','2024-12-14 13:45:46.423','2024-12-14 13:46:04.840','delete aja','Delete',103,'192-168-1-236','',NULL,'20230493','IT-Infra'),(26,2,4,8192,100,'backend','Selesai','MinIO','2024-12-14 13:55:26.564','2024-12-14 14:15:16.845','','New',102,'','',NULL,'20230493','IT-Infra'),(27,2,4,8192,40,'backend','Selesai','MinIO','2024-12-14 14:24:24.920','2024-12-14 14:24:51.329','','Delete',102,'192-168-1-235','',NULL,'20230493','IT-Infra'),(28,2,4,8192,40,'internal','Selesai','MinIO','2024-12-14 14:45:18.928','2024-12-14 15:02:46.785','','New',102,'','',NULL,'20230493','IT-Infra'),(29,2,2,2048,40,'internal','Selesai','nginx','2024-12-15 12:51:47.994','2024-12-15 13:10:16.994','','New',103,'','',NULL,'20230493','IT-Infra'),(30,2,4,8192,40,'backend','Selesai','MinIO','2024-12-15 12:58:58.681','2024-12-15 12:59:21.809','','Perubahan',102,'192-168-1-235','',NULL,'20230493','IT-Infra'),(31,2,4,8192,100,'internal','Selesai','MinIO','2024-12-15 13:43:09.988','2024-12-15 13:43:48.346','','Perubahan',102,'192-168-1-235','',NULL,'20230493','IT-Infra'),(32,2,16,32768,300,'internal','Waiting For Dept Head','DEM-DYNATRACE-CMS','2024-12-19 10:44:40.895','2024-12-19 10:44:40.895','dobel req','Delete',112,'192-168-1-235','',NULL,'20210211','IT-Maintenance'),(33,2,8,16384,100,'internal','Selesai','MinIO','2024-12-20 14:58:51.034','2024-12-20 14:59:09.234','','Perubahan',102,'192-168-1-235','',NULL,'20230493','IT-Infra'),(34,2,4,8192,100,'frontend','Canceled','APIGEE-NGINX1','2024-12-24 02:06:08.137','2024-12-24 03:30:05.347','Server development untuk testing pengganti HA Proxy APIGEE','New',NULL,'','',NULL,'20210214','IT-Middleware'),(35,2,4,8192,100,'frontend','Canceled','APIGEE-NGINX2','2024-12-24 02:28:38.682','2024-12-24 03:30:10.427','Server development pengganti HA Proxy pada APIGEE','New',NULL,'','',NULL,'20210214','IT-Middleware'),(36,2,4,8192,40,'frontend','Selesai','APIGEE-NGINX1','2024-12-24 03:30:27.145','2024-12-24 03:57:50.639','Server development untuk testing pengganti HA Proxy APIGEE','New',114,'','',NULL,'20210214','IT-Middleware'),(37,2,4,8192,40,'frontend','Selesai','APIGEE-NGINX2','2024-12-24 03:31:13.922','2024-12-24 03:57:48.352','Server development untuk testing pengganti HA Proxy APIGEE','New',100,'','',NULL,'20210214','IT-Middleware'),(38,2,4,4096,40,'frontend','Selesai','NGINX','2024-12-24 09:32:24.990','2024-12-24 09:52:36.923','','New',115,'','',NULL,'20230493','IT-Infra'),(39,2,4,4096,40,'backend','Selesai','NEXTCLOUD','2024-12-24 14:34:41.013','2024-12-24 14:43:09.517','','Existing',116,'192-168-1-235','NEXTCLOUD-2',113,'20230493','IT-Infra'),(40,2,4,4096,40,'frontend','Selesai','NGINX','2024-12-26 03:04:55.265','2024-12-26 03:13:38.617','','Existing',117,'192-168-1-236','NGINX BE',115,'20230493','IT-Infra'),(41,2,4,4096,40,'backend','Selesai','NGINX-BE','2024-12-26 03:17:25.582','2024-12-26 03:17:55.589','','Perubahan',117,'192-168-1-236','',NULL,'20230493','IT-Infra'),(42,2,4,8192,40,'frontend','Selesai','NGINX-BE','2024-12-31 14:32:24.046','2024-12-31 14:33:36.798','','Perubahan',117,'192-168-1-236','',NULL,'20230493','IT-Infra'),(43,2,4,8192,40,'frontend','Selesai','NGINX-BE','2025-01-01 03:05:25.974','2025-01-01 03:08:41.386','ga kepake','Delete',117,'192-168-1-236','',NULL,'20230493','IT-Infra'),(44,2,2,2048,40,'internal','Selesai','nginx','2025-01-01 03:06:05.940','2025-01-01 03:08:37.749','ga kepake','Delete',103,'192-168-1-235','',NULL,'20230493','IT-Infra'),(45,2,6,16384,100,'internal','Selesai','Self-Service','2025-01-01 03:11:42.278','2025-01-01 03:31:20.203','','New',103,'','',NULL,'20230493','IT-Infra');
/*!40000 ALTER TABLE `pengajuan` ENABLE KEYS */;
UNLOCK TABLES;

--
-- Table structure for table `server`
--

DROP TABLE IF EXISTS `server`;
/*!40101 SET @saved_cs_client     = @@character_set_client */;
/*!50503 SET character_set_client = utf8mb4 */;
CREATE TABLE `server` (
  `id` int NOT NULL AUTO_INCREMENT,
  `vmid` int NOT NULL,
  `segment` varchar(191) COLLATE utf8mb4_unicode_ci DEFAULT NULL,
  `id_ip` int NOT NULL,
  `id_template` int NOT NULL,
  `user` varchar(191) COLLATE utf8mb4_unicode_ci NOT NULL,
  `divisi` varchar(191) COLLATE utf8mb4_unicode_ci NOT NULL,
  PRIMARY KEY (`id`),
  UNIQUE KEY `Server_vmid_key` (`vmid`),
  KEY `Server_id_ip_fkey` (`id_ip`),
  KEY `Server_id_template_fkey` (`id_template`),
  CONSTRAINT `Server_id_ip_fkey` FOREIGN KEY (`id_ip`) REFERENCES `ipaddress` (`id`) ON DELETE RESTRICT ON UPDATE CASCADE,
  CONSTRAINT `Server_id_template_fkey` FOREIGN KEY (`id_template`) REFERENCES `templates` (`id`) ON DELETE RESTRICT ON UPDATE CASCADE
) ENGINE=InnoDB AUTO_INCREMENT=34 DEFAULT CHARSET=utf8mb4 COLLATE=utf8mb4_unicode_ci;
/*!40101 SET character_set_client = @saved_cs_client */;

--
-- Dumping data for table `server`
--

LOCK TABLES `server` WRITE;
/*!40000 ALTER TABLE `server` DISABLE KEYS */;
INSERT INTO `server` VALUES (9,105,'backend',254,2,'20230493','IT-Infra'),(10,106,'frontend',507,2,'20230493','IT-Infra'),(11,107,'internal',21,2,'20230493','IT-Infra'),(17,101,'internal',18,4,'20231018','IT-ES'),(18,108,'internal',20,4,'20231018','IT-ES'),(20,110,'frontend',508,2,'20210211','IT-Maintenance'),(21,111,'internal',23,2,'20210211','IT-Maintenance'),(22,112,'internal',24,2,'20210211','IT-Maintenance'),(23,109,'backend',255,2,'20230493','IT-Infra'),(24,113,'backend',276,2,'20230493','IT-Infra'),(26,102,'internal',352,2,'20230493','IT-Infra'),(28,100,'frontend',509,2,'20210214','IT-Middleware'),(29,114,'frontend',510,2,'20210214','IT-Middleware'),(30,115,'frontend',511,2,'20230493','IT-Infra'),(31,116,'backend',354,2,'20230493','IT-Infra'),(33,103,'internal',5,2,'20230493','IT-Infra');
/*!40000 ALTER TABLE `server` ENABLE KEYS */;
UNLOCK TABLES;

--
-- Table structure for table `templates`
--

DROP TABLE IF EXISTS `templates`;
/*!40101 SET @saved_cs_client     = @@character_set_client */;
/*!50503 SET character_set_client = utf8mb4 */;
CREATE TABLE `templates` (
  `id` int NOT NULL AUTO_INCREMENT,
  `nama_template` varchar(191) COLLATE utf8mb4_unicode_ci NOT NULL,
  `type_os` varchar(191) COLLATE utf8mb4_unicode_ci NOT NULL,
  `vmid` int NOT NULL,
  `nodes` varchar(191) COLLATE utf8mb4_unicode_ci NOT NULL,
  `keterangan` varchar(191) COLLATE utf8mb4_unicode_ci DEFAULT NULL,
  `tanggal_dibuat` datetime(3) NOT NULL DEFAULT CURRENT_TIMESTAMP(3),
  PRIMARY KEY (`id`),
  UNIQUE KEY `templates_vmid_key` (`vmid`)
) ENGINE=InnoDB AUTO_INCREMENT=5 DEFAULT CHARSET=utf8mb4 COLLATE=utf8mb4_unicode_ci;
/*!40101 SET character_set_client = @saved_cs_client */;

--
-- Dumping data for table `templates`
--

LOCK TABLES `templates` WRITE;
/*!40000 ALTER TABLE `templates` DISABLE KEYS */;
INSERT INTO `templates` VALUES (1,'Windows server 2022','Windows',1001,'192-168-1-234','Template windows server 22','2024-11-08 09:40:35.734'),(2,'Ubuntu 24','Ubuntu',1000,'192-168-1-234','Ubuntu 24','2024-11-08 09:40:54.010'),(3,'Oracle linux 9','Oracle Linux',1003,'192-168-1-234','Oracle Linux','2024-11-08 10:05:20.865'),(4,'Windows22+SQL','Windows',1004,'192-168-1-234','Template WINDOWS 22 + SQL','2024-11-19 08:57:59.907');
/*!40000 ALTER TABLE `templates` ENABLE KEYS */;
UNLOCK TABLES;

--
-- Table structure for table `user`
--

DROP TABLE IF EXISTS `user`;
/*!40101 SET @saved_cs_client     = @@character_set_client */;
/*!50503 SET character_set_client = utf8mb4 */;
CREATE TABLE `user` (
  `id` int NOT NULL AUTO_INCREMENT,
  `username` varchar(191) COLLATE utf8mb4_unicode_ci NOT NULL,
  `password` varchar(191) COLLATE utf8mb4_unicode_ci DEFAULT NULL,
  `role` enum('USER','HEAD','ADMIN') COLLATE utf8mb4_unicode_ci NOT NULL,
  `email` varchar(191) COLLATE utf8mb4_unicode_ci DEFAULT NULL,
  `id_divisi` int NOT NULL,
  `jenis` enum('Ldap','Local') COLLATE utf8mb4_unicode_ci DEFAULT NULL,
  PRIMARY KEY (`id`),
  UNIQUE KEY `User_username_key` (`username`),
  KEY `User_id_divisi_fkey` (`id_divisi`),
  CONSTRAINT `User_id_divisi_fkey` FOREIGN KEY (`id_divisi`) REFERENCES `divisi` (`id`) ON DELETE RESTRICT ON UPDATE CASCADE
) ENGINE=InnoDB AUTO_INCREMENT=71 DEFAULT CHARSET=utf8mb4 COLLATE=utf8mb4_unicode_ci;
/*!40101 SET character_set_client = @saved_cs_client */;

--
-- Dumping data for table `user`
--

LOCK TABLES `user` WRITE;
/*!40000 ALTER TABLE `user` DISABLE KEYS */;
INSERT INTO `user` VALUES (1,'admin','$2b$10$sMVtZwnt4mhu6ZxmEf6BhO4jVkwnfhkOdV/YpNQ.cFZLCOiHU7pf.','ADMIN','it_infra@bcaf.id',1,'Local'),(2,'20220662','','HEAD','',1,'Ldap'),(3,'20230493','','USER','',1,'Ldap'),(4,'20180844','','ADMIN','',1,'Ldap'),(5,'20101683','','HEAD','',1,'Ldap'),(6,'20111907','','HEAD','',5,'Ldap'),(7,'20241159','','HEAD','',9,'Ldap'),(10,'20040394','','HEAD','',7,'Ldap'),(12,'20050771','','HEAD','',6,'Ldap'),(13,'20130561','','USER','',1,'Ldap'),(14,'20101750','','USER','',7,'Ldap'),(15,'20160319','','USER','',6,'Ldap'),(16,'20160553','','USER','',5,'Ldap'),(17,'20190476','','USER','',4,'Ldap'),(18,'20240994','','USER','',1,'Ldap'),(19,'20160197','','USER','',5,'Ldap'),(20,'20240993','','USER','',1,'Ldap'),(21,'20241147','','USER','',5,'Ldap'),(22,'20180308','','USER','',5,'Ldap'),(23,'20180773','','USER','',5,'Ldap'),(24,'20180946','','USER','',5,'Ldap'),(25,'20190028','','USER','',5,'Ldap'),(26,'20190445','','USER','',1,'Ldap'),(27,'20241001','','USER','',4,'Ldap'),(28,'20241019','','USER','',1,'Ldap'),(29,'20220512','','USER','',6,'Ldap'),(30,'20220643','','USER','',7,'Ldap'),(31,'20220693','','USER','',10,'Ldap'),(32,'20220694','','USER','',5,'Ldap'),(33,'20190784','','USER','',10,'Ldap'),(34,'20200424','','USER','',5,'Ldap'),(35,'20200475','','USER','',10,'Ldap'),(36,'20200488','','USER','',10,'Ldap'),(37,'20200496','','USER','',4,'Ldap'),(38,'20210211','','USER','',10,'Ldap'),(39,'20210214','','USER','',7,'Ldap'),(40,'20210238','','USER','',6,'Ldap'),(41,'20210536','','USER','',9,'Ldap'),(42,'20210537','','USER','',4,'Ldap'),(43,'20210538','','USER','',6,'Ldap'),(44,'20210722','','USER','',5,'Ldap'),(45,'20220448','','USER','',6,'Ldap'),(46,'20170845','','USER','',5,'Ldap'),(47,'20140643','','USER','',1,'Ldap'),(48,'20112009','','USER','',5,'Ldap'),(49,'20150158','','USER','',1,'Ldap'),(50,'20180236','','USER','',5,'Ldap'),(51,'20220449','','USER','',5,'Ldap'),(52,'20230198','','USER','',5,'Ldap'),(53,'20230293','','USER','',5,'Ldap'),(54,'20230348','','USER','',5,'Ldap'),(55,'20230382','','USER','',10,'Ldap'),(56,'20230439','','USER','',9,'Ldap'),(57,'20230440','','USER','',6,'Ldap'),(58,'20230492','','USER','',7,'Ldap'),(59,'20230720','','USER','',5,'Ldap'),(60,'20230888','','USER','',5,'Ldap'),(61,'20230902','','USER','',5,'Ldap'),(62,'20230966','','USER','',6,'Ldap'),(63,'20230979','','USER','',4,'Ldap'),(64,'20230980','','USER','',10,'Ldap'),(65,'20231018','','USER','',9,'Ldap'),(66,'20231020','','USER','',1,'Ldap'),(67,'20231021','','USER','',5,'Ldap'),(68,'20240313','','USER','',9,'Ldap'),(69,'why','$2b$10$FvbP0pFsojvJUwTrr1jsAOvRHl6AbTVxhveiQ/ycyffRS3t5wUe/a','HEAD','',1,'Local'),(70,'20140642','','USER','',1,'Ldap');
/*!40000 ALTER TABLE `user` ENABLE KEYS */;
UNLOCK TABLES;
/*!40103 SET TIME_ZONE=@OLD_TIME_ZONE */;

/*!40101 SET SQL_MODE=@OLD_SQL_MODE */;
/*!40014 SET FOREIGN_KEY_CHECKS=@OLD_FOREIGN_KEY_CHECKS */;
/*!40014 SET UNIQUE_CHECKS=@OLD_UNIQUE_CHECKS */;
/*!40101 SET CHARACTER_SET_CLIENT=@OLD_CHARACTER_SET_CLIENT */;
/*!40101 SET CHARACTER_SET_RESULTS=@OLD_CHARACTER_SET_RESULTS */;
/*!40101 SET COLLATION_CONNECTION=@OLD_COLLATION_CONNECTION */;
/*!40111 SET SQL_NOTES=@OLD_SQL_NOTES */;

-- Dump completed on 2025-01-01 12:16:41
